time,cpu,memory,rtt,latency,bandwidth,throughput
1,0.5,0.6,0.001,0.002,1250.0,21.0
2,0.507,0.61,0.001,0.002,1250.16,21.002
3,0.519,0.631,0.001,0.002,1250.334,21.005
4,0.582,0.684,0.001,0.002,1250.62,21.019
5,0.519,0.61,0.001,0.002,1250.24,21.015
6,0.566,0.615,0.002,0.003,1250.422,21.004
7,0.518,0.697,0.001,0.002,1251.362,21.006
8,0.605,0.762,0.002,0.002,1251.297,21.009
9,0.585,0.717,0.002,0.002,1251.731,21.026
10,0.614,0.691,0.002,0.003,1252.828,21.046
11,0.607,0.864,0.002,0.003,1253.856,21.036
12,0.664,0.745,0.002,0.003,1251.677,21.074
13,0.645,0.831,0.002,0.003,1252.81,21.052
14,0.643,0.789,0.003,0.003,1255.557,21.059
15,0.646,0.783,0.002,0.004,1253.822,21.061
16,0.738,0.819,0.002,0.003,1250.964,21.096
17,0.677,0.934,0.003,0.004,1253.297,21.097
18,0.851,0.92,0.003,0.004,1252.128,21.065
19,0.801,0.783,0.002,0.003,1252.103,21.038
20,0.826,0.799,0.002,0.004,1255.485,21.008
21,0.867,0.758,0.003,0.002,1252.038,21.084
22,0.876,0.815,0.003,0.004,1253.654,21.093
23,0.803,0.995,0.004,0.005,1253.516,21.082
24,0.744,1.077,0.004,0.004,1258.265,21.109
25,0.965,0.959,0.002,0.005,1255.077,21.103
26,0.642,0.675,0.003,0.003,1257.901,21.081
27,0.889,1.111,0.002,0.004,1255.877,21.054
28,0.709,0.842,0.004,0.003,1253.39,21.113
29,1.096,1.212,0.005,0.004,1261.912,21.14
30,1.101,0.994,0.002,0.003,1254.151,21.056
31,0.609,1.083,0.001,0.004,1257.823,21.114
32,1.023,1.148,0.005,0.004,1258.63,21.135
33,1.083,1.281,0.003,0.005,1262.595,21.094
34,0.913,0.986,0.005,0.005,1264.424,21.169
35,0.695,0.791,0.002,0.003,1261.046,21.104
36,1.072,1.39,0.004,0.006,1261.366,21.086
37,0.953,0.677,0.002,0.005,1256.798,21.098
38,0.781,0.871,0.004,0.005,1259.18,21.071
39,1.026,1.384,0.003,0.006,1257.547,21.109
40,1.218,0.883,0.003,0.003,1251.188,21.084
41,0.981,1.308,0.002,0.006,1259.469,21.144
42,1.289,1.08,0.004,0.004,1256.36,21.075
43,1.158,1.514,0.004,0.004,1255.07,21.261
44,1.184,0.93,0.006,0.005,1257.162,21.276
45,0.526,1.332,0.003,0.002,1251.504,21.193
46,1.062,1.08,0.002,0.003,1257.368,21.169
47,0.9,1.115,0.007,0.004,1257.849,21.295
48,1.248,1.231,0.006,0.005,1260.774,21.022
49,1.44,1.368,0.003,0.007,1256.096,21.178
50,1.529,1.622,0.004,0.008,1257.912,21.174
51,1.573,1.327,0.008,0.005,1264.267,21.204
52,0.937,1.171,0.007,0.006,1260.791,21.224
53,1.077,1.629,0.007,0.008,1260.736,21.196
54,1.201,1.376,0.006,0.006,1258.876,21.024
55,1.536,2.058,0.008,0.006,1267.377,21.199
56,1.76,1.466,0.005,0.006,1257.964,21.274
57,1.488,1.374,0.006,0.003,1264.167,21.276
58,1.061,1.778,0.004,0.004,1267.31,21.302
59,1.677,1.615,0.003,0.005,1265.988,21.24
60,1.103,0.785,0.007,0.004,1253.145,21.294
61,1.387,1.132,0.004,0.006,1271.1,21.219
62,1.093,1.61,0.009,0.011,1280.104,21.254
63,1.476,1.606,0.005,0.008,1264.439,21.13
64,1.357,1.927,0.008,0.005,1267.543,21.351
65,1.472,0.829,0.006,0.006,1262.453,21.1
66,1.119,1.665,0.004,0.007,1260.656,21.163
67,1.972,1.136,0.005,0.009,1268.592,21.387
68,1.538,1.627,0.008,0.004,1266.219,21.358
69,1.749,0.697,0.008,0.007,1257.13,21.095
70,1.13,2.151,0.004,0.008,1259.546,21.471
71,2.174,1.468,0.011,0.01,1276.239,21.313
72,1.188,1.116,0.008,0.01,1276.166,21.336
73,1.605,0.742,0.003,0.004,1265.172,21.221
74,2.307,2.271,0.01,0.012,1260.52,21.377
75,2.32,1.606,0.011,0.011,1260.34,21.553
76,1.004,0.898,0.006,0.005,1271.453,21.108
77,1.622,1.422,0.008,0.003,1273.781,21.197
78,1.976,1.567,0.004,0.01,1280.057,21.314
79,1.884,1.156,0.006,0.011,1268.922,21.373
80,2.135,2.411,0.013,0.007,1273.631,21.207
81,1.588,0.999,0.009,0.005,1254.133,21.023
82,2.009,1.637,0.006,0.008,1265.735,21.307
83,2.145,1.602,0.011,0.013,1283.163,21.615
84,2.154,1.418,0.006,0.004,1276.898,21.202
85,1.305,2.411,0.012,0.01,1269.727,21.303
86,2.005,2.042,0.005,0.009,1281.741,21.388
87,1.678,2.512,0.009,0.006,1286.125,21.642
88,0.707,1.154,0.006,0.01,1254.52,21.205
89,1.184,0.949,0.011,0.004,1263.428,21.39
90,2.531,1.955,0.008,0.004,1257.954,21.446
91,1.478,1.849,0.008,0.008,1276.651,21.29
92,2.319,0.952,0.005,0.012,1281.405,21.282
93,0.954,2.065,0.004,0.006,1272.493,21.504
94,1.992,1.548,0.007,0.004,1259.494,21.437
95,2.434,1.925,0.014,0.009,1284.017,21.516
96,1.319,2.167,0.005,0.01,1276.644,21.316
97,1.83,0.917,0.01,0.003,1278.526,21.285
98,2.541,2.383,0.01,0.008,1262.32,21.371
99,1.404,2.516,0.01,0.011,1281.084,21.189
100,1.382,1.708,0.011,0.008,1277.115,21.478
101,0.703,2.478,0.009,0.007,1275.108,21.211
102,1.898,2.082,0.016,0.015,1282.769,21.75
103,1.68,2.284,0.007,0.006,1257.83,21.437
104,1.281,1.298,0.003,0.006,1282.239,21.268
105,2.82,1.72,0.01,0.015,1296.557,21.362
106,1.523,1.88,0.007,0.015,1284.095,21.652
107,1.802,1.824,0.007,0.014,1290.675,21.659
108,1.869,0.97,0.002,0.011,1260.663,21.284
109,2.393,3.295,0.009,0.015,1272.357,21.673
110,2.625,1.555,0.013,0.007,1280.983,21.616
111,1.493,1.149,0.007,0.005,1287.014,21.324
112,2.35,1.346,0.008,0.006,1288.52,21.625
113,2.473,2.491,0.008,0.009,1291.767,21.488
114,1.836,1.139,0.012,0.008,1256.341,21.338
115,2.68,1.643,0.006,0.011,1274.05,21.37
116,2.119,1.498,0.01,0.004,1257.184,21.203
117,2.389,0.87,0.015,0.003,1259.149,21.468
118,1.478,1.9,0.008,0.003,1265.875,21.237
119,3.377,2.981,0.01,0.008,1270.017,21.702
120,1.403,2.189,0.013,0.012,1288.028,21.654
121,2.79,1.83,0.014,0.003,1265.906,21.302
122,2.993,2.004,0.01,0.009,1260.75,21.567
123,3.022,3.127,0.016,0.014,1257.512,21.242
124,2.263,3.341,0.02,0.007,1274.033,21.591
125,2.66,1.763,0.007,0.009,1287.754,21.254
126,2.28,3.271,0.019,0.01,1274.08,21.726
127,1.733,2.086,0.017,0.015,1271.734,21.453
128,3.472,2.819,0.007,0.011,1299.063,21.595
129,3.736,1.657,0.018,0.017,1294.018,21.968
130,2.155,1.328,0.012,0.009,1265.975,21.499
131,2.403,3.116,0.016,0.017,1266.906,21.482
132,1.549,1.874,0.009,0.012,1265.92,21.263
133,2.419,3.483,0.015,0.015,1287.526,21.284
134,2.654,2.782,0.007,0.007,1292.431,21.22
135,2.762,2.653,0.017,0.01,1275.068,21.524
136,2.827,3.019,0.02,0.019,1267.411,21.853
137,2.644,2.652,0.014,0.006,1296.857,21.144
138,1.309,2.63,0.011,0.016,1277.995,21.714
139,3.318,4.059,0.018,0.017,1275.703,21.604
140,1.56,2.348,0.017,0.013,1291.542,21.344
141,3.621,2.954,0.015,0.011,1297.693,21.965
142,1.322,3.302,0.014,0.014,1282.195,21.611
143,0.966,2.297,0.006,0.013,1269.862,21.769
144,1.992,1.369,0.014,0.006,1279.882,21.172
145,1.919,3.141,0.009,0.011,1262.431,21.05
146,1.54,2.096,0.011,0.007,1273.758,21.764
147,1.253,2.158,0.007,0.018,1304.295,21.617
148,2.311,1.166,0.009,0.008,1290.677,21.667
149,2.465,2.453,0.014,0.011,1296.053,21.847
150,2.446,3.037,0.019,0.018,1306.198,21.854
151,1.812,3.28,0.016,0.005,1264.395,21.093
152,3.024,0.736,0.006,0.003,1267.446,21.455
153,2.321,4.42,0.008,0.018,1279.652,22.089
154,1.948,1.617,0.022,0.014,1311.399,21.824
155,2.222,1.938,0.018,0.011,1296.444,22.047
156,1.915,1.835,0.011,0.007,1283.269,21.961
157,1.813,3.729,0.019,0.014,1274.103,21.374
158,1.645,2.989,0.008,0.017,1280.993,21.287
159,2.106,2.605,0.012,0.011,1293.203,21.715
160,3.849,2.435,0.01,0.008,1299.449,21.492
161,2.757,5.001,0.011,0.022,1298.083,22.077
162,2.233,1.609,0.008,0.021,1298.312,21.395
163,1.93,3.357,0.017,0.003,1270.082,21.429
164,2.959,3.61,0.019,0.019,1319.352,21.552
165,3.015,1.518,0.007,0.012,1302.335,21.343
166,3.027,4.088,0.019,0.01,1288.519,21.324
167,2.323,1.992,0.018,0.009,1313.344,21.951
168,4.632,2.061,0.007,0.013,1270.721,21.763
169,3.302,2.643,0.006,0.007,1272.39,21.942
170,1.553,2.881,0.006,0.015,1301.891,21.897
171,3.384,2.229,0.006,0.014,1297.276,21.554
172,3.175,2.326,0.011,0.007,1302.173,21.592
173,4.952,4.934,0.015,0.014,1320.09,22.15
174,1.326,3.032,0.017,0.006,1305.78,21.801
175,4.277,3.433,0.021,0.02,1280.147,21.449
176,4.503,2.136,0.021,0.023,1293.512,22.292
177,1.401,2.689,0.019,0.005,1310.828,21.469
178,1.942,2.686,0.016,0.013,1306.246,22.011
179,2.455,3.129,0.028,0.024,1311.387,22.134
180,1.71,3.418,0.025,0.007,1273.249,22.112
181,1.479,1.65,0.02,0.008,1291.79,21.491
182,4.142,4.224,0.02,0.018,1277.849,21.886
183,2.937,4.411,0.019,0.018,1290.652,21.8
184,4.423,1.442,0.019,0.015,1264.664,21.577
185,2.8,3.08,0.011,0.01,1285.077,21.808
186,3.006,5.039,0.026,0.017,1304.616,21.926
187,1.895,3.5,0.011,0.019,1317.197,21.86
188,5.654,2.814,0.025,0.015,1287.289,22.052
189,2.895,3.449,0.01,0.01,1277.637,21.977
190,2.802,4.07,0.019,0.017,1296.967,21.943
191,2.388,1.535,0.009,0.009,1269.887,22.204
192,2.34,4.411,0.005,0.004,1269.237,21.199
193,3.713,2.591,0.022,0.024,1324.837,21.318
194,4.331,2.598,0.023,0.025,1315.971,21.495
195,1.46,4.542,0.021,0.02,1292.075,21.847
196,2.669,4.277,0.013,0.014,1264.186,21.243
197,4.598,5.105,0.012,0.013,1329.802,22.083
198,3.029,6.047,0.023,0.025,1314.061,22.575
199,3.806,1.95,0.009,0.023,1265.705,21.756
200,2.317,3.859,0.03,0.022,1305.996,21.522
201,4.378,3.954,0.006,0.022,1280.417,21.558
202,5.302,2.72,0.025,0.022,1290.899,22.426
203,4.662,5.59,0.009,0.027,1335.69,22.359
204,2.938,2.843,0.03,0.023,1283.364,21.91
205,4.585,3.911,0.007,0.014,1316.845,21.723
206,2.544,1.334,0.005,0.015,1289.957,21.698
207,4.542,4.103,0.021,0.025,1308.705,21.435
208,0.826,4.437,0.017,0.005,1306.021,21.37
209,3.187,4.59,0.025,0.019,1331.261,22.379
210,3.434,2.899,0.014,0.01,1337.464,22.264
211,5.811,5.062,0.03,0.013,1302.104,21.478
212,4.452,4.629,0.034,0.018,1302.182,21.801
213,2.032,3.586,0.014,0.018,1282.318,21.933
214,4.029,3.887,0.015,0.016,1322.736,21.497
215,3.442,2.902,0.018,0.023,1327.991,21.58
216,5.205,4.573,0.021,0.027,1277.816,22.257
217,4.008,5.031,0.027,0.012,1349.474,22.502
218,4.489,3.679,0.004,0.007,1263.432,21.314
219,1.549,2.188,0.024,0.012,1329.459,21.529
220,1.578,2.113,0.024,0.018,1289.755,21.42
221,3.971,3.63,0.014,0.03,1292.925,22.72
222,2.34,3.824,0.031,0.013,1321.626,21.467
223,2.15,5.617,0.016,0.009,1286.352,21.247
224,3.98,4.479,0.009,0.017,1309.694,21.583
225,1.769,5.237,0.014,0.017,1333.063,22.123
226,2.742,4.702,0.012,0.014,1300.22,22.344
227,2.577,3.162,0.025,0.016,1282.076,22.028
228,1.042,4.899,0.012,0.017,1274.079,21.833
229,4.468,1.042,0.003,0.005,1324.478,21.888
230,1.727,3.259,0.02,0.01,1324.72,21.406
231,4.042,2.95,0.028,0.021,1323.464,22.084
232,5.408,5.625,0.018,0.024,1287.239,22.078
233,4.319,5.127,0.017,0.02,1310.851,22.242
234,4.553,5.03,0.034,0.03,1291.513,22.506
235,6.114,2.513,0.023,0.015,1357.399,21.623
236,1.335,1.575,0.006,0.017,1337.383,21.4
237,1.734,4.374,0.013,0.009,1273.966,22.663
238,4.441,4.052,0.027,0.01,1263.208,21.907
239,5.875,6.377,0.015,0.022,1286.544,21.922
240,3.842,6.548,0.024,0.026,1298.296,22.255
241,5.629,4.621,0.03,0.027,1290.489,22.31
242,1.333,1.914,0.024,0.009,1267.111,21.765
243,6.256,4.735,0.033,0.028,1324.788,21.819
244,3.085,2.602,0.028,0.031,1318.85,21.656
245,3.663,3.913,0.006,0.025,1265.168,22.404
246,3.368,5.597,0.014,0.036,1366.234,22.938
247,5.924,5.717,0.029,0.022,1281.781,22.563
248,3.261,3.897,0.038,0.033,1322.234,21.501
249,3.876,5.425,0.025,0.025,1256.887,21.191
250,4.914,5.102,0.025,0.017,1317.61,22.638
251,4.736,1.823,0.015,0.018,1273.389,22.481
252,7.493,4.174,0.039,0.034,1293.623,22.31
253,5.14,2.828,0.019,0.029,1338.666,22.422
254,4.964,3.252,0.005,0.025,1266.486,22.2
255,4.288,2.077,0.031,0.009,1275.809,22.429
256,3.193,6.247,0.038,0.031,1349.425,22.322
257,3.444,2.028,0.028,0.007,1308.839,22.094
258,5.303,7.179,0.043,0.037,1297.621,22.65
259,2.849,5.698,0.021,0.009,1303.361,22.18
260,3.81,4.441,0.028,0.027,1257.081,22.442
261,4.576,3.084,0.008,0.032,1344.085,22.108
262,7.106,4.37,0.028,0.014,1305.774,22.031
263,2.029,1.542,0.033,0.012,1331.462,22.084
264,3.259,1.544,0.021,0.023,1269.692,22.061
265,5.205,3.639,0.039,0.025,1299.759,22.764
266,5.658,3.771,0.034,0.038,1304.762,21.664
267,3.976,3.324,0.021,0.021,1287.057,21.902
268,7.159,3.393,0.018,0.033,1344.652,22.568
269,2.958,3.933,0.028,0.026,1335.582,21.239
270,3.453,4.843,0.01,0.024,1296.837,21.955
271,2.999,7.785,0.021,0.028,1321.702,22.092
272,3.394,4.289,0.012,0.027,1295.007,21.803
273,4.198,6.805,0.029,0.019,1319.155,23.18
274,4.907,5.486,0.04,0.018,1295.654,22.214
275,5.22,4.908,0.013,0.038,1360.384,22.757
276,4.176,5.664,0.033,0.006,1284.671,22.608
277,5.777,3.059,0.021,0.02,1294.945,22.477
278,4.402,1.357,0.022,0.021,1326.382,21.691
279,1.786,1.783,0.007,0.017,1304.011,22.615
280,4.454,4.772,0.007,0.011,1301.325,22.261
281,3.445,5.148,0.019,0.027,1339.889,22.947
282,6.759,3.7,0.042,0.033,1336.471,23.065
283,4.492,2.424,0.01,0.028,1322.87,21.416
284,4.33,6.565,0.038,0.014,1349.617,22.588
285,7.383,6.145,0.019,0.019,1337.232,22.945
286,2.69,5.725,0.029,0.012,1323.83,22.244
287,4.183,3.711,0.023,0.025,1330.081,22.646
288,2.5,2.479,0.03,0.02,1327.511,22.011
289,3.036,3.051,0.024,0.037,1344.598,21.791
290,3.791,5.686,0.026,0.007,1317.722,21.491
291,3.235,4.875,0.014,0.023,1292.301,21.588
292,5.754,4.634,0.046,0.018,1294.194,22.961
293,4.316,5.755,0.035,0.034,1352.729,22.602
294,4.541,5.157,0.024,0.034,1361.176,23.072
295,5.732,2.144,0.023,0.012,1270.651,21.812
296,4.39,3.929,0.014,0.01,1345.79,22.783
297,3.143,7.981,0.018,0.019,1316.831,22.217
298,3.474,5.543,0.016,0.033,1369.149,22.293
299,2.473,2.014,0.024,0.029,1314.167,21.251
300,5.748,8.899,0.045,0.043,1359.389,23.394
301,6.059,7.178,0.009,0.009,1277.011,21.921
302,6.679,4.363,0.044,0.036,1366.952,22.727
303,1.178,3.429,0.011,0.027,1304.149,22.057
304,3.064,2.981,0.033,0.026,1317.416,22.087
305,7.608,6.406,0.031,0.034,1321.463,22.213
306,3.559,6.535,0.019,0.027,1326.722,22.751
307,3.34,6.546,0.024,0.029,1309.879,22.588
308,3.214,6.76,0.015,0.018,1329.429,22.358
309,4.608,5.77,0.024,0.038,1367.387,23.065
310,5.827,2.159,0.005,0.015,1320.481,21.114
311,4.045,2.227,0.011,0.024,1345.614,21.409
312,3.459,4.016,0.047,0.017,1350.635,23.187
313,2.473,4.85,0.012,0.032,1349.708,22.186
314,3.071,2.347,0.022,0.014,1379.702,22.552
315,6.98,5.355,0.047,0.042,1304.696,22.88
316,2.436,4.885,0.007,0.005,1314.207,21.9
317,7.134,5.188,0.038,0.018,1304.499,21.853
318,5.924,8.273,0.026,0.018,1342.905,22.518
319,1.282,1.843,0.008,0.025,1291.859,22.774
320,3.756,3.722,0.014,0.01,1251.61,22.676
321,2.011,2.856,0.009,0.025,1352.267,21.183
322,4.004,7.897,0.04,0.028,1358.809,22.408
323,7.733,4.219,0.042,0.019,1315.919,23.48
324,4.437,2.915,0.042,0.008,1349.651,21.717
325,8.037,3.212,0.018,0.039,1330.376,21.943
326,6.281,6.636,0.03,0.042,1310.595,22.746
327,5.909,1.863,0.023,0.036,1288.862,22.983
328,2.151,3.451,0.017,0.013,1300.758,21.782
329,4.848,9.38,0.041,0.027,1308.191,22.274
330,2.922,6.371,0.018,0.045,1350.628,23.06
331,5.927,3.747,0.015,0.037,1388.219,23.234
332,7.51,4.204,0.016,0.028,1365.451,21.89
333,7.758,4.207,0.018,0.024,1284.348,23.219
334,6.402,7.317,0.016,0.043,1339.352,23.12
335,5.832,4.992,0.033,0.019,1335.631,21.553
336,4.156,9.08,0.031,0.029,1383.499,23.465
337,6.185,4.313,0.016,0.026,1309.455,22.919
338,1.98,7.335,0.017,0.021,1360.53,22.959
339,3.935,6.639,0.029,0.042,1322.745,23.287
340,5.059,3.34,0.042,0.037,1271.652,21.752
341,8.342,7.827,0.034,0.015,1290.292,22.868
342,4.04,2.282,0.041,0.02,1270.787,21.246
343,5.712,5.078,0.037,0.017,1293.285,22.441
344,2.206,6.544,0.01,0.019,1340.806,22.851
345,8.307,7.946,0.034,0.036,1287.56,23.134
346,4.981,9.329,0.045,0.036,1339.923,23.146
347,6.26,3.306,0.045,0.034,1286.279,22.953
348,6.936,2.115,0.014,0.008,1294.453,22.846
349,7.172,6.755,0.041,0.019,1266.653,23.182
350,3.001,4.998,0.016,0.04,1343.518,22.214
351,1.411,1.188,0.004,0.022,1337.93,21.727
352,9.674,9.87,0.039,0.043,1407.744,22.311
353,1.25,2.175,0.01,0.014,1374.15,22.782
354,6.74,4.172,0.022,0.027,1295.951,23.416
355,5.052,0.638,0.014,0.024,1305.725,22.826
356,5.431,8.27,0.054,0.041,1335.182,22.073
357,7.013,4.839,0.016,0.041,1301.804,23.215
358,2.667,7.528,0.036,0.024,1389.527,21.977
359,6.611,3.959,0.025,0.017,1367.678,22.849
360,4.383,4.456,0.049,0.042,1336.739,22.876
361,4.666,5.321,0.011,0.034,1287.624,22.735
362,6.268,9.226,0.02,0.016,1320.217,21.993
363,8.626,3.336,0.048,0.037,1353.726,23.254
364,5.168,6.016,0.043,0.042,1360.578,22.672
365,2.458,2.524,0.012,0.027,1306.566,21.305
366,6.389,3.719,0.031,0.042,1345.825,23.275
367,4.214,9.439,0.025,0.055,1389.267,22.269
368,2.904,1.705,0.044,0.024,1342.224,21.444
369,5.57,2.087,0.006,0.028,1368.143,21.567
370,3.293,5.831,0.026,0.013,1312.827,23.009
371,10.198,7.857,0.029,0.045,1385.668,23.357
372,4.311,5.369,0.039,0.049,1403.155,22.595
373,4.719,5.507,0.03,0.011,1359.78,23.358
374,5.296,7.276,0.044,0.041,1275.972,22.595
375,7.176,8.448,0.029,0.029,1308.182,22.852
376,6.746,10.143,0.026,0.024,1310.145,21.995
377,2.187,4.649,0.035,0.016,1320.371,23.326
378,3.888,7.951,0.027,0.003,1273.101,21.681
379,5.866,5.371,0.047,0.04,1354.886,22.806
380,3.968,5.754,0.019,0.014,1335.335,22.168
381,4.529,8.079,0.046,0.043,1377.321,22.456
382,6.938,8.149,0.025,0.01,1293.455,22.549
383,8.482,3.914,0.013,0.009,1285.207,22.317
384,7.463,4.7,0.02,0.053,1305.298,22.037
385,10.517,4.521,0.039,0.049,1346.224,22.926
386,2.73,6.873,0.041,0.035,1390.917,23.015
387,9.901,4.338,0.059,0.041,1348.616,23.335
388,7.645,8.731,0.014,0.04,1374.774,22.335
389,3.904,9.046,0.043,0.023,1337.178,23.899
390,5.549,6.253,0.061,0.047,1424.388,22.931
391,4.483,3.899,0.035,0.016,1312.413,22.452
392,4.135,10.073,0.038,0.029,1406.146,22.507
393,4.685,7.596,0.039,0.034,1338.973,21.211
394,8.577,3.581,0.027,0.044,1277.596,22.408
395,6.516,6.073,0.022,0.022,1423.81,23.821
396,6.242,10.096,0.043,0.028,1292.863,22.721
397,7.447,5.799,0.023,0.045,1369.362,21.914
398,5.635,9.494,0.033,0.02,1313.481,22.243
399,8.147,6.353,0.021,0.018,1281.719,22.965
400,9.076,8.013,0.056,0.025,1313.28,22.782
401,9.59,4.065,0.048,0.036,1335.048,22.412
402,4.801,4.365,0.031,0.042,1363.924,21.809
403,2.082,5.982,0.044,0.015,1362.185,22.26
404,8.399,8.764,0.053,0.031,1301.078,22.112
405,3.304,7.49,0.032,0.03,1386.31,22.763
406,4.278,2.834,0.048,0.015,1347.449,23.437
407,5.332,2.892,0.041,0.024,1414.277,23.043
408,8.309,4.302,0.021,0.033,1366.851,21.813
409,8.86,6.596,0.038,0.019,1276.126,23.065
410,1.347,5.754,0.036,0.032,1343.908,21.597
411,10.224,9.712,0.059,0.045,1306.904,22.435
412,8.375,6.213,0.054,0.035,1343.457,22.55
413,6.666,11.147,0.036,0.043,1355.585,22.946
414,3.331,5.101,0.034,0.034,1348.942,22.69
415,7.223,7.394,0.029,0.053,1436.857,22.889
416,3.732,10.012,0.035,0.013,1310.313,23.207
417,4.902,6.097,0.005,0.017,1352.596,22.361
418,6.285,6.419,0.047,0.017,1355.115,23.308
419,7.49,2.224,0.008,0.026,1370.784,22.836
420,7.412,3.296,0.034,0.041,1375.03,22.484
421,4.573,7.63,0.025,0.042,1280.396,22.912
422,6.734,5.795,0.028,0.052,1401.4,22.061
423,3.253,9.437,0.018,0.023,1345.236,21.72
424,10.799,5.819,0.037,0.02,1338.404,23.379
425,11.719,4.864,0.059,0.053,1354.251,24.325
426,9.576,9.094,0.028,0.044,1412.653,23.583
427,6.101,7.49,0.043,0.027,1386.458,22.752
428,3.4,9.616,0.025,0.011,1330.243,23.525
429,11.224,3.942,0.044,0.02,1351.205,23.888
430,11.898,11.051,0.06,0.058,1336.613,22.958
431,12.157,9.201,0.057,0.035,1428.443,24.414
432,8.48,5.191,0.053,0.046,1397.148,23.245
433,9.699,5.549,0.049,0.015,1339.132,22.136
434,3.921,3.128,0.022,0.046,1386.577,21.902
435,7.22,10.564,0.047,0.022,1328.155,23.211
436,7.006,8.363,0.033,0.047,1321.556,23.723
437,12.186,6.288,0.027,0.061,1424.849,23.627
438,5.671,7.386,0.045,0.041,1349.901,22.484
439,4.618,9.061,0.045,0.05,1341.402,24.012
440,4.17,8.146,0.023,0.021,1415.462,22.306
441,2.123,3.97,0.029,0.044,1341.745,23.294
442,8.35,5.475,0.028,0.03,1422.808,22.904
443,6.924,7.665,0.037,0.027,1392.009,22.942
444,10.684,9.079,0.066,0.039,1418.626,23.322
445,9.281,12.22,0.067,0.053,1425.851,22.387
446,10.987,10.077,0.049,0.039,1419.238,23.588
447,8.936,7.393,0.033,0.062,1394.023,23.931
448,4.323,6.633,0.056,0.021,1428.763,22.442
449,12.013,5.331,0.057,0.023,1411.109,23.678
450,2.518,3.513,0.015,0.037,1287.13,21.626
451,11.892,10.188,0.037,0.057,1322.81,22.532
452,7.084,8.109,0.016,0.051,1308.729,23.737
453,7.809,3.512,0.044,0.009,1389.157,23.716
454,8.244,10.042,0.059,0.037,1368.895,21.934
455,4.329,4.952,0.008,0.018,1388.83,22.984
456,1.556,8.939,0.045,0.009,1362.501,22.886
457,5.519,6.172,0.017,0.041,1422.22,23.31
458,1.165,4.326,0.011,0.034,1361.812,22.28
459,10.14,9.545,0.074,0.059,1412.186,24.522
460,8.586,11.08,0.025,0.055,1378.26,22.392
461,6.803,4.749,0.036,0.038,1333.0,21.552
462,12.283,12.218,0.048,0.029,1422.491,23.6
463,7.652,9.379,0.044,0.041,1437.589,22.873
464,2.64,5.834,0.047,0.038,1376.343,23.167
465,4.197,2.648,0.024,0.045,1362.13,23.033
466,4.904,10.669,0.036,0.044,1355.052,24.31
467,6.733,3.71,0.021,0.023,1410.038,23.594
468,7.971,9.288,0.043,0.025,1479.261,23.7
469,8.994,9.722,0.027,0.011,1295.149,21.503
470,3.292,4.594,0.046,0.021,1302.043,22.243
471,6.852,11.268,0.03,0.04,1466.512,23.097
472,6.499,10.873,0.049,0.042,1294.739,23.168
473,11.548,8.097,0.052,0.053,1349.272,23.394
474,2.795,4.895,0.045,0.052,1356.049,23.03
475,7.678,2.959,0.01,0.026,1409.467,23.199
476,8.371,9.078,0.013,0.037,1362.428,21.762
477,7.939,6.619,0.035,0.043,1354.97,22.257
478,9.548,11.59,0.05,0.023,1437.03,23.145
479,4.739,8.767,0.034,0.045,1429.388,23.943
480,12.783,10.925,0.05,0.067,1373.272,24.904
481,9.851,7.017,0.029,0.044,1420.779,23.905
482,11.949,12.791,0.023,0.034,1417.511,22.834
483,10.045,6.3,0.037,0.023,1365.494,22.111
484,12.26,5.294,0.027,0.017,1311.49,24.042
485,4.289,5.286,0.049,0.037,1353.825,21.767
486,7.86,4.613,0.045,0.031,1345.659,24.596
487,7.742,4.917,0.037,0.043,1306.541,24.12
488,9.029,10.937,0.078,0.059,1376.69,22.689
489,2.182,6.087,0.056,0.028,1418.125,23.296
490,7.841,1.758,0.006,0.046,1338.202,23.776
491,6.736,6.847,0.064,0.031,1400.198,22.09
492,10.033,2.931,0.053,0.033,1281.737,23.957
493,6.157,9.19,0.056,0.052,1319.113,21.829
494,10.581,6.194,0.013,0.046,1425.077,21.966
495,9.456,10.148,0.033,0.023,1436.673,23.031
496,3.143,10.604,0.042,0.064,1453.792,23.28
497,7.938,3.311,0.055,0.016,1350.656,23.86
498,2.618,7.788,0.016,0.029,1421.484,23.481
499,9.663,7.032,0.033,0.057,1359.184,23.61
500,12.477,9.901,0.044,0.067,1319.694,22.792
501,8.69,4.265,0.035,0.007,1318.486,22.788
502,2.194,4.121,0.051,0.037,1351.652,21.774
503,13.852,13.863,0.033,0.044,1419.758,24.31
504,9.805,9.442,0.033,0.041,1345.05,23.503
505,9.13,5.443,0.029,0.024,1433.147,22.97
506,12.475,12.834,0.068,0.022,1393.114,22.688
507,9.003,11.736,0.057,0.065,1471.124,22.652
508,11.068,3.742,0.016,0.044,1383.598,22.873
509,13.083,12.494,0.028,0.051,1335.669,22.413
510,5.388,2.417,0.058,0.047,1297.21,22.902
511,10.471,8.346,0.022,0.022,1428.576,21.78
512,10.968,8.275,0.058,0.067,1395.742,23.268
513,3.609,11.295,0.018,0.034,1426.625,23.129
514,10.991,11.857,0.054,0.045,1446.151,22.459
515,10.599,8.563,0.068,0.051,1465.829,23.755
516,1.762,7.173,0.04,0.036,1274.843,22.997
517,11.146,10.862,0.066,0.067,1338.652,22.934
518,8.15,13.886,0.057,0.058,1447.592,24.885
519,6.917,6.486,0.047,0.067,1410.809,22.637
520,5.32,8.581,0.019,0.063,1340.329,23.174
521,3.677,12.629,0.029,0.015,1361.041,22.178
522,4.027,5.33,0.036,0.035,1276.859,23.941
523,9.583,4.06,0.005,0.049,1391.422,23.243
524,2.632,10.366,0.026,0.008,1394.385,23.929
525,8.303,8.748,0.038,0.031,1398.713,23.167
526,3.766,8.617,0.019,0.043,1366.723,23.369
527,4.523,6.989,0.044,0.06,1406.159,22.931
528,10.228,12.374,0.047,0.073,1380.096,22.378
529,11.844,7.679,0.063,0.042,1295.159,23.663
530,4.339,11.896,0.059,0.056,1393.253,22.935
531,13.564,12.394,0.077,0.044,1378.113,23.332
532,13.009,10.658,0.071,0.066,1460.132,22.773
533,6.654,8.973,0.044,0.046,1374.732,22.678
534,11.225,6.927,0.073,0.067,1452.548,23.138
535,6.624,8.097,0.026,0.058,1436.509,23.687
536,5.05,3.216,0.051,0.052,1300.083,23.048
537,8.884,10.672,0.03,0.027,1422.312,23.024
538,13.375,12.54,0.032,0.051,1381.248,23.716
539,8.384,9.019,0.051,0.015,1306.332,23.802
540,7.046,12.768,0.043,0.052,1339.975,23.455
541,10.958,14.38,0.038,0.043,1365.872,23.413
542,2.061,7.314,0.042,0.058,1298.279,21.439
543,12.142,12.366,0.072,0.057,1357.113,24.822
544,9.676,5.008,0.031,0.053,1394.329,24.315
545,9.951,2.631,0.026,0.048,1436.936,22.094
546,9.671,12.226,0.033,0.029,1313.265,24.297
547,9.631,11.287,0.073,0.032,1414.983,21.981
548,5.637,2.82,0.047,0.061,1284.356,22.871
549,4.266,7.783,0.067,0.066,1350.701,23.89
550,6.222,9.655,0.054,0.073,1434.929,23.543
551,2.496,7.736,0.06,0.014,1364.088,23.919
552,4.577,9.489,0.044,0.063,1341.742,23.723
553,10.324,12.925,0.043,0.045,1510.657,23.398
554,9.432,12.212,0.065,0.045,1311.109,22.88
555,9.728,11.007,0.065,0.061,1382.12,22.707
556,10.255,5.776,0.039,0.055,1383.579,22.038
557,3.728,8.701,0.012,0.021,1335.889,21.119
558,6.764,7.552,0.06,0.064,1462.012,22.843
559,5.446,3.555,0.02,0.025,1434.725,22.761
560,11.785,6.412,0.042,0.083,1356.244,22.85
561,5.975,4.794,0.061,0.017,1310.276,23.203
562,4.893,10.46,0.023,0.067,1384.934,24.58
563,11.483,8.798,0.066,0.049,1305.087,21.446
564,4.819,9.397,0.018,0.061,1471.904,22.092
565,9.795,7.784,0.067,0.055,1441.747,22.32
566,3.309,12.132,0.061,0.016,1425.265,22.126
567,4.45,9.097,0.013,0.059,1348.241,23.94
568,13.33,7.442,0.064,0.051,1433.066,25.219
569,10.271,13.621,0.079,0.053,1405.372,25.335
570,8.382,12.9,0.046,0.019,1371.556,24.136
571,3.827,9.564,0.027,0.009,1295.025,23.455
572,10.516,10.473,0.036,0.065,1407.73,21.689
573,1.429,8.634,0.05,0.012,1441.944,21.327
574,9.29,11.527,0.072,0.048,1446.728,22.218
575,5.682,12.592,0.061,0.055,1475.573,24.597
576,3.428,3.305,0.063,0.044,1437.001,23.294
577,6.057,2.909,0.059,0.066,1317.669,22.169
578,4.376,13.014,0.023,0.035,1290.143,23.712
579,6.598,10.613,0.057,0.025,1359.007,25.21
580,3.243,8.073,0.022,0.021,1332.435,24.834
581,2.325,8.686,0.065,0.014,1357.197,22.066
582,11.761,11.58,0.015,0.015,1347.342,22.946
583,10.806,13.475,0.082,0.071,1330.064,24.223
584,12.092,9.788,0.061,0.035,1500.659,23.819
585,9.708,10.796,0.046,0.075,1404.334,23.708
586,7.463,3.609,0.043,0.015,1443.541,24.442
587,8.221,10.66,0.079,0.05,1379.28,23.093
588,11.515,9.424,0.048,0.034,1293.038,21.995
589,10.408,3.748,0.056,0.024,1392.877,23.831
590,8.2,6.488,0.072,0.013,1452.188,22.895
591,5.592,7.682,0.083,0.073,1411.047,22.971
592,9.21,3.874,0.034,0.046,1268.282,21.527
593,2.673,11.362,0.028,0.051,1404.636,21.463
594,5.83,9.849,0.067,0.023,1438.595,23.521
595,6.378,3.993,0.02,0.032,1412.751,22.064
596,10.256,15.507,0.086,0.026,1355.15,22.243
597,10.141,10.479,0.094,0.068,1475.686,23.44
598,13.332,10.454,0.073,0.038,1524.447,22.858
599,4.865,6.175,0.061,0.029,1413.014,22.455
600,5.17,13.735,0.051,0.021,1490.446,24.13
601,5.507,11.025,0.063,0.042,1437.658,21.996
602,11.207,10.277,0.041,0.066,1448.904,21.808
603,12.31,8.584,0.073,0.078,1386.576,23.35
604,10.792,11.161,0.075,0.076,1403.38,22.156
605,8.62,15.699,0.035,0.069,1366.074,25.551
606,13.655,16.21,0.052,0.069,1420.18,22.384
607,8.913,12.676,0.031,0.056,1298.919,24.693
608,4.601,5.606,0.02,0.018,1441.266,22.393
609,15.663,6.775,0.089,0.079,1398.043,23.36
610,7.708,15.699,0.074,0.051,1311.293,24.996
611,9.223,14.115,0.082,0.041,1353.879,23.09
612,5.438,12.149,0.031,0.034,1409.01,22.292
613,8.815,13.114,0.051,0.048,1343.323,25.272
614,4.159,6.885,0.07,0.015,1314.574,23.303
615,11.58,11.441,0.047,0.035,1338.36,23.087
616,15.078,4.669,0.042,0.049,1495.722,23.149
617,10.147,13.565,0.078,0.043,1393.324,24.898
618,6.112,8.583,0.045,0.056,1384.075,24.123
619,10.889,12.511,0.069,0.061,1393.597,24.761
620,2.749,13.155,0.03,0.026,1418.068,23.52
621,12.806,9.086,0.063,0.038,1437.555,25.003
622,6.897,10.93,0.095,0.072,1473.176,25.225
623,15.147,8.528,0.085,0.04,1383.332,22.863
624,16.343,13.509,0.028,0.074,1464.467,22.968
625,17.194,14.867,0.04,0.067,1385.835,23.545
626,12.864,7.893,0.029,0.033,1427.805,23.767
627,10.366,3.167,0.038,0.015,1281.455,21.717
628,7.061,11.457,0.022,0.026,1390.612,24.27
629,8.35,10.14,0.008,0.062,1357.061,21.872
630,4.152,1.98,0.049,0.024,1355.895,21.455
631,11.212,3.95,0.032,0.057,1296.526,23.736
632,7.464,6.165,0.07,0.015,1359.619,22.453
633,12.07,7.746,0.045,0.058,1426.948,22.69
634,2.016,3.545,0.033,0.029,1381.72,23.19
635,11.258,14.968,0.04,0.045,1424.254,25.678
636,9.47,6.259,0.082,0.061,1505.67,23.845
637,1.567,2.005,0.005,0.037,1466.106,24.311
638,6.894,9.826,0.077,0.041,1307.643,24.524
639,1.792,9.391,0.055,0.029,1379.832,21.937
640,16.025,6.476,0.041,0.036,1331.963,24.796
641,8.759,8.402,0.085,0.054,1366.765,23.023
642,6.205,5.058,0.044,0.048,1306.966,22.68
643,11.617,10.614,0.094,0.061,1522.938,24.165
644,10.686,14.472,0.052,0.077,1402.396,24.622
645,14.076,17.966,0.047,0.05,1469.708,24.919
646,9.673,4.062,0.052,0.034,1366.965,22.665
647,14.044,5.51,0.093,0.059,1389.663,22.927
648,5.421,15.85,0.041,0.086,1475.912,24.576
649,12.067,3.947,0.065,0.034,1354.299,25.093
650,10.418,10.729,0.075,0.044,1441.049,24.336
651,4.672,10.089,0.094,0.027,1339.094,24.672
652,4.821,6.37,0.027,0.034,1371.64,24.664
653,13.471,3.586,0.034,0.038,1475.704,25.114
654,7.039,13.479,0.064,0.022,1411.613,24.122
655,6.705,10.125,0.036,0.071,1371.474,21.933
656,13.939,14.165,0.043,0.041,1318.713,24.729
657,9.098,12.255,0.072,0.046,1354.49,23.907
658,5.628,2.275,0.016,0.032,1287.827,21.478
659,12.468,8.764,0.093,0.077,1536.34,25.62
660,16.244,5.079,0.036,0.027,1394.139,25.526
661,13.1,11.669,0.019,0.034,1328.367,21.587
662,15.782,16.307,0.09,0.065,1537.798,23.012
663,12.395,4.609,0.075,0.061,1348.136,23.678
664,10.747,7.188,0.086,0.05,1433.509,24.537
665,11.162,18.32,0.081,0.044,1400.397,26.211
666,9.393,15.975,0.092,0.079,1348.947,22.922
667,6.968,10.413,0.041,0.036,1406.812,24.012
668,15.947,7.202,0.084,0.057,1470.37,23.169
669,7.275,11.759,0.065,0.031,1453.226,23.766
670,3.762,3.267,0.019,0.04,1493.229,22.28
671,11.294,13.958,0.039,0.078,1485.144,21.905
672,12.657,16.738,0.072,0.067,1458.747,22.816
673,5.825,8.75,0.029,0.048,1382.428,22.639
674,8.915,6.956,0.069,0.055,1449.687,24.552
675,4.477,9.364,0.062,0.048,1358.667,23.387
676,6.596,8.128,0.1,0.088,1377.613,25.247
677,7.795,5.768,0.017,0.074,1463.353,24.98
678,7.807,9.939,0.074,0.081,1372.641,24.602
679,7.38,11.725,0.033,0.042,1433.775,23.441
680,9.32,11.505,0.087,0.037,1540.088,23.31
681,4.636,3.681,0.068,0.05,1377.514,23.32
682,9.253,19.804,0.058,0.097,1550.51,23.617
683,9.521,6.489,0.052,0.051,1385.193,25.754
684,17.918,16.75,0.101,0.077,1408.898,23.879
685,10.268,4.415,0.029,0.043,1292.035,22.668
686,7.188,18.006,0.092,0.043,1490.079,24.605
687,6.887,10.238,0.083,0.069,1355.328,22.424
688,8.476,11.266,0.035,0.063,1431.869,23.678
689,8.169,5.509,0.03,0.033,1509.795,22.797
690,8.895,7.617,0.069,0.042,1414.282,23.94
691,2.77,15.354,0.019,0.074,1340.622,23.309
692,15.281,19.596,0.107,0.044,1405.763,25.721
693,8.013,11.091,0.076,0.064,1294.585,23.615
694,14.627,2.163,0.06,0.05,1391.471,23.431
695,15.045,5.428,0.075,0.072,1525.792,22.061
696,13.902,16.097,0.033,0.089,1521.615,25.074
697,5.075,8.546,0.086,0.059,1432.135,24.635
698,13.966,12.286,0.091,0.071,1407.978,23.512
699,6.941,8.889,0.079,0.063,1520.208,23.766
700,4.827,15.171,0.036,0.053,1370.276,21.646
701,4.404,12.276,0.073,0.071,1399.761,24.289
702,13.535,12.763,0.047,0.038,1342.781,25.223
703,10.9,3.841,0.078,0.014,1464.683,23.248
704,6.638,3.174,0.084,0.012,1384.055,22.926
705,15.915,15.026,0.04,0.054,1404.406,24.087
706,16.835,6.513,0.098,0.078,1357.06,24.834
707,12.34,4.42,0.071,0.03,1385.432,25.966
708,17.853,9.553,0.038,0.04,1432.96,25.777
709,11.125,12.493,0.065,0.091,1366.932,22.978
710,13.063,6.716,0.044,0.064,1480.236,23.182
711,13.246,10.346,0.057,0.054,1431.43,24.533
712,19.059,11.609,0.11,0.082,1556.125,24.426
713,5.897,10.467,0.048,0.092,1329.315,22.455
714,7.503,18.215,0.088,0.061,1339.388,22.737
715,13.011,7.838,0.079,0.04,1546.193,24.446
716,14.851,20.09,0.088,0.05,1419.911,22.883
717,10.853,10.243,0.071,0.092,1426.061,23.366
718,7.116,15.985,0.092,0.084,1491.742,21.973
719,8.499,13.791,0.105,0.035,1456.255,23.961
720,12.614,13.332,0.081,0.061,1276.985,25.061
721,13.026,9.176,0.03,0.013,1392.627,22.493
722,19.543,8.691,0.064,0.053,1507.733,25.331
723,14.45,5.818,0.081,0.063,1513.145,23.928
724,6.536,15.383,0.04,0.089,1431.362,23.736
725,13.391,2.823,0.043,0.085,1458.964,23.105
726,7.759,6.123,0.057,0.018,1401.901,22.845
727,3.489,2.988,0.045,0.016,1498.572,22.802
728,2.397,7.348,0.036,0.065,1361.804,21.497
729,11.359,5.045,0.015,0.057,1466.973,25.114
730,3.765,7.598,0.035,0.079,1400.904,22.397
731,17.947,17.278,0.097,0.077,1330.954,23.348
732,9.413,13.65,0.074,0.097,1534.901,25.824
733,6.279,8.773,0.062,0.044,1350.703,22.066
734,18.822,10.323,0.099,0.052,1465.194,23.062
735,17.347,11.707,0.02,0.074,1364.337,22.514
736,11.813,3.506,0.064,0.024,1488.732,23.232
737,11.726,19.524,0.068,0.068,1517.117,24.434
738,3.268,10.388,0.069,0.08,1318.794,25.59
739,9.895,11.175,0.039,0.012,1401.585,24.461
740,11.594,12.492,0.017,0.053,1298.497,21.733
741,6.283,13.885,0.052,0.051,1426.217,23.189
742,6.766,15.29,0.042,0.071,1351.734,22.662
743,14.341,21.525,0.053,0.096,1448.848,23.946
744,9.216,8.233,0.069,0.044,1499.824,25.056
745,2.536,10.939,0.051,0.077,1478.74,24.601
746,17.26,19.06,0.043,0.053,1561.985,23.607
747,10.34,6.324,0.069,0.041,1304.048,24.6
748,5.388,3.44,0.004,0.012,1470.168,23.523
749,14.274,13.219,0.1,0.045,1411.407,26.384
750,13.309,20.098,0.109,0.044,1574.076,25.116
751,20.941,16.276,0.057,0.056,1393.121,26.099
752,4.673,8.188,0.067,0.06,1487.535,23.329
753,7.398,13.505,0.042,0.045,1354.073,25.206
754,11.707,10.752,0.073,0.036,1374.188,25.154
755,16.399,16.97,0.069,0.104,1563.775,23.974
756,9.476,17.348,0.098,0.076,1475.862,23.631
757,5.648,17.995,0.07,0.054,1535.362,25.94
758,12.176,12.961,0.048,0.025,1317.993,25.476
759,5.267,12.887,0.072,0.093,1561.982,25.684
760,11.143,6.966,0.052,0.08,1276.639,24.401
761,7.513,18.852,0.105,0.094,1583.889,24.062
762,11.103,17.442,0.064,0.028,1430.375,24.442
763,10.103,7.343,0.041,0.055,1385.964,23.485
764,12.693,12.686,0.034,0.069,1513.641,25.152
765,9.99,16.942,0.044,0.033,1324.753,25.867
766,13.979,14.283,0.045,0.05,1428.472,22.996
767,12.823,13.243,0.034,0.044,1329.829,21.535
768,13.445,9.564,0.032,0.094,1435.018,25.007
769,15.807,7.79,0.048,0.06,1398.596,25.495
770,20.724,7.906,0.121,0.106,1620.471,23.614
771,4.087,8.088,0.06,0.034,1457.898,24.131
772,2.729,11.747,0.014,0.065,1418.809,23.35
773,10.501,18.992,0.086,0.083,1550.113,26.681
774,8.724,7.486,0.084,0.074,1500.863,26.515
775,17.4,19.632,0.091,0.047,1421.543,25.118
776,8.302,5.795,0.083,0.041,1379.22,21.604
777,5.604,10.583,0.06,0.064,1353.608,23.726
778,14.629,21.808,0.066,0.044,1540.702,26.385
779,14.5,22.15,0.115,0.105,1503.274,24.571
780,15.371,9.314,0.088,0.018,1497.133,24.966
781,11.524,12.699,0.1,0.045,1561.346,24.614
782,13.151,15.201,0.086,0.088,1466.433,24.045
783,4.768,14.941,0.014,0.033,1503.761,22.58
784,7.911,7.125,0.078,0.064,1468.675,22.452
785,15.346,16.356,0.063,0.045,1531.958,22.19
786,12.502,5.963,0.038,0.077,1367.634,25.097
787,11.006,18.592,0.08,0.104,1539.792,23.518
788,11.047,4.11,0.036,0.07,1343.955,23.568
789,16.497,15.601,0.037,0.101,1609.872,22.762
790,21.452,8.71,0.071,0.09,1458.332,26.326
791,7.875,11.654,0.09,0.105,1382.601,24.268
792,8.987,10.962,0.088,0.074,1413.196,26.23
793,13.405,1.351,0.023,0.053,1476.069,24.66
794,8.03,14.651,0.032,0.033,1501.728,26.184
795,8.889,8.979,0.065,0.076,1616.636,26.659
796,10.671,14.774,0.051,0.035,1395.671,23.201
797,3.01,4.994,0.076,0.011,1452.247,23.517
798,9.525,13.927,0.073,0.002,1394.732,22.195
799,17.388,9.363,0.031,0.062,1413.249,24.199
800,13.422,8.286,0.082,0.091,1414.388,26.345
801,17.047,15.691,0.084,0.084,1442.456,24.771
802,11.471,8.703,0.069,0.1,1449.766,26.929
803,20.415,8.662,0.057,0.11,1484.554,24.509
804,16.795,12.53,0.095,0.075,1355.674,22.106
805,9.716,9.845,0.091,0.027,1386.239,21.818
806,14.866,20.362,0.086,0.058,1465.981,26.15
807,9.705,12.593,0.054,0.09,1553.114,24.366
808,14.063,8.35,0.035,0.078,1338.354,22.962
809,14.452,12.883,0.048,0.069,1467.202,26.105
810,17.595,12.784,0.086,0.077,1446.363,25.768
811,17.971,7.418,0.07,0.09,1460.228,25.434
812,8.651,3.737,0.053,0.088,1519.937,23.239
813,15.718,20.869,0.079,0.056,1589.361,23.682
814,18.488,3.565,0.047,0.03,1385.764,23.86
815,11.419,9.338,0.106,0.076,1389.987,24.359
816,14.386,10.07,0.028,0.082,1435.763,23.701
817,10.384,7.584,0.109,0.058,1540.68,26.209
818,6.163,15.524,0.082,0.093,1425.551,26.224
819,20.386,17.867,0.135,0.106,1510.79,26.147
820,4.925,7.16,0.032,0.098,1493.122,25.89
821,18.972,20.048,0.068,0.042,1526.508,24.344
822,16.081,9.205,0.102,0.103,1510.364,23.185
823,5.614,5.151,0.023,0.041,1369.787,25.215
824,15.933,8.315,0.092,0.026,1374.667,24.1
825,17.106,10.471,0.061,0.097,1514.586,23.229
826,11.654,11.684,0.079,0.011,1347.188,23.266
827,14.744,20.49,0.099,0.041,1537.934,24.795
828,7.807,2.939,0.025,0.063,1286.887,24.319
829,20.585,9.729,0.078,0.079,1415.462,23.708
830,15.533,3.845,0.029,0.083,1559.015,24.854
831,23.416,21.411,0.104,0.068,1492.344,27.166
832,5.35,7.172,0.078,0.01,1312.219,23.392
833,6.736,12.562,0.016,0.019,1549.519,23.284
834,8.976,17.587,0.109,0.079,1555.588,24.094
835,10.755,7.191,0.048,0.043,1382.274,24.811
836,13.265,14.55,0.047,0.074,1478.077,25.206
837,18.199,6.607,0.057,0.085,1532.974,22.127
838,16.936,2.749,0.054,0.029,1332.548,22.036
839,16.351,9.471,0.067,0.034,1380.511,25.431
840,18.662,9.231,0.069,0.067,1340.108,26.252
841,16.317,6.931,0.02,0.019,1268.084,24.973
842,9.939,22.232,0.094,0.084,1471.873,27.736
843,7.738,12.03,0.036,0.044,1345.894,23.831
844,13.207,15.592,0.06,0.022,1391.82,25.096
845,12.272,23.367,0.084,0.086,1489.784,27.202
846,19.819,12.502,0.09,0.092,1432.201,24.621
847,12.986,5.425,0.046,0.078,1558.652,25.137
848,19.034,6.6,0.02,0.054,1504.876,25.482
849,12.281,16.529,0.132,0.114,1635.026,23.817
850,13.076,18.939,0.106,0.058,1365.45,25.894
851,17.315,19.37,0.111,0.038,1506.113,23.491
852,5.58,11.23,0.069,0.101,1368.143,22.561
853,15.164,9.182,0.076,0.086,1498.631,24.011
854,14.973,6.611,0.041,0.062,1357.178,27.258
855,3.655,10.992,0.11,0.045,1425.389,23.661
856,15.139,16.108,0.065,0.065,1419.865,24.992
857,8.714,15.03,0.079,0.06,1546.03,22.712
858,10.919,19.657,0.088,0.089,1552.247,26.224
859,18.549,19.028,0.047,0.071,1466.79,22.526
860,13.964,11.93,0.024,0.054,1368.556,24.235
861,8.401,10.832,0.122,0.079,1549.263,23.855
862,21.887,7.904,0.134,0.103,1418.263,27.7
863,10.719,19.633,0.06,0.032,1572.08,24.152
864,9.881,4.678,0.047,0.054,1498.076,24.578
865,17.77,16.664,0.031,0.06,1358.453,24.358
866,14.796,15.786,0.086,0.056,1286.702,22.611
867,17.2,1.764,0.06,0.071,1355.005,21.448
868,9.159,13.455,0.104,0.015,1475.541,26.099
869,20.703,14.712,0.137,0.087,1533.213,26.027
870,8.99,9.376,0.055,0.074,1320.289,23.966
871,10.175,19.567,0.11,0.074,1468.947,25.602
872,12.131,6.381,0.094,0.08,1340.737,23.184
873,13.094,5.135,0.05,0.054,1401.255,25.768
874,18.521,18.502,0.03,0.045,1498.063,22.073
875,7.368,10.002,0.061,0.058,1444.715,26.22
876,14.615,10.327,0.051,0.058,1387.708,22.681
877,5.87,4.197,0.063,0.07,1475.506,22.807
878,12.609,23.237,0.11,0.11,1459.104,24.791
879,15.71,19.371,0.057,0.081,1524.893,23.69
880,8.12,12.764,0.046,0.106,1553.941,26.883
881,10.124,13.706,0.058,0.059,1314.618,21.309
882,15.905,5.686,0.094,0.064,1341.568,23.565
883,15.637,8.335,0.11,0.062,1378.768,24.836
884,15.914,8.532,0.073,0.056,1557.179,24.119
885,15.976,16.465,0.023,0.012,1390.069,21.89
886,11.761,7.342,0.076,0.078,1286.793,23.349
887,2.991,10.217,0.03,0.019,1483.23,26.004
888,11.778,14.248,0.046,0.042,1486.769,21.089
889,7.898,19.894,0.031,0.055,1404.834,23.941
890,11.871,19.09,0.136,0.059,1565.106,28.189
891,19.118,18.152,0.04,0.094,1369.714,25.881
892,9.232,7.958,0.05,0.092,1529.999,24.414
893,19.613,9.9,0.101,0.043,1309.726,23.036
894,11.117,18.753,0.084,0.067,1399.798,22.996
895,14.587,13.284,0.046,0.059,1599.991,22.721
896,10.204,8.309,0.07,0.056,1397.795,25.846
897,8.572,16.96,0.09,0.037,1547.235,26.387
898,8.642,6.692,0.075,0.075,1618.245,23.878
899,4.685,8.9,0.114,0.087,1549.699,22.55
900,11.085,19.15,0.113,0.085,1363.097,23.022
901,21.064,14.869,0.114,0.053,1574.876,26.566
902,9.987,24.43,0.072,0.104,1374.661,26.755
903,16.123,17.07,0.135,0.051,1626.918,24.18
904,22.429,21.956,0.123,0.114,1441.504,24.631
905,14.671,15.768,0.076,0.022,1257.609,25.216
906,17.338,24.327,0.079,0.084,1533.746,26.714
907,14.983,6.38,0.079,0.072,1347.915,22.306
908,10.479,5.693,0.01,0.091,1410.218,23.771
909,18.458,20.073,0.051,0.111,1578.858,25.199
910,8.476,2.815,0.071,0.021,1503.554,24.231
911,10.346,7.456,0.071,0.053,1591.778,25.542
912,5.389,11.97,0.01,0.054,1473.569,22.586
913,8.969,10.397,0.062,0.077,1585.699,25.966
914,5.733,4.736,0.039,0.05,1475.413,26.465
915,8.331,6.014,0.067,0.077,1413.776,23.683
916,11.144,15.395,0.125,0.071,1606.103,24.291
917,15.317,13.27,0.092,0.07,1502.887,24.565
918,15.57,15.858,0.053,0.053,1413.97,26.5
919,11.834,11.017,0.048,0.048,1394.393,25.111
920,16.245,18.642,0.117,0.107,1634.795,27.07
921,8.215,9.916,0.084,0.089,1526.117,26.156
922,13.134,23.087,0.123,0.109,1627.891,24.748
923,18.861,7.421,0.116,0.085,1551.863,22.641
924,11.206,14.972,0.057,0.045,1358.974,22.439
925,6.195,1.991,0.028,0.058,1544.345,21.897
926,19.563,21.062,0.125,0.106,1520.76,24.283
927,2.502,3.117,0.031,0.063,1519.358,25.562
928,18.211,9.227,0.076,0.09,1461.649,23.899
929,7.005,17.827,0.123,0.108,1519.013,23.622
930,16.238,10.533,0.051,0.102,1322.809,23.275
931,6.651,15.544,0.076,0.044,1345.032,26.835
932,11.553,14.044,0.059,0.055,1482.58,26.124
933,16.484,23.039,0.05,0.076,1339.922,25.142
934,7.086,5.957,0.123,0.074,1380.918,26.915
935,20.42,12.484,0.128,0.081,1611.756,26.366
936,5.909,18.077,0.066,0.019,1293.472,21.237
937,15.01,4.458,0.085,0.092,1480.58,24.801
938,15.236,5.023,0.086,0.007,1279.375,24.791
939,5.982,3.897,0.057,0.086,1530.109,23.532
940,12.108,17.116,0.122,0.071,1417.495,24.552
941,14.285,25.431,0.105,0.119,1616.165,26.023
942,9.205,6.881,0.097,0.09,1397.33,24.171
943,14.275,20.88,0.057,0.029,1588.877,23.059
944,16.419,18.853,0.101,0.042,1501.477,24.433
945,5.276,11.493,0.106,0.074,1281.21,22.221
946,16.14,19.787,0.087,0.063,1509.208,26.35
947,14.509,16.96,0.064,0.126,1410.646,23.205
948,9.712,15.932,0.084,0.074,1410.158,26.955
949,21.615,11.46,0.105,0.064,1417.072,26.566
950,12.683,20.254,0.035,0.041,1601.751,24.688
951,6.759,19.319,0.102,0.043,1555.419,26.303
952,9.693,11.314,0.097,0.046,1588.37,25.147
953,21.116,25.264,0.085,0.064,1614.202,24.335
954,9.4,23.591,0.078,0.097,1599.641,28.113
955,10.734,13.058,0.054,0.035,1558.607,25.722
956,21.164,26.97,0.142,0.121,1573.388,24.51
957,25.045,24.371,0.113,0.072,1494.182,23.87
958,10.641,10.697,0.122,0.09,1518.72,25.82
959,11.09,18.455,0.117,0.124,1613.099,24.257
960,10.333,14.944,0.074,0.024,1387.009,21.597
961,8.942,21.958,0.023,0.056,1507.999,23.069
962,0.755,16.145,0.05,0.04,1404.351,25.63
963,2.631,19.376,0.039,0.037,1491.108,22.5
964,25.372,16.577,0.104,0.054,1411.465,26.007
965,19.889,6.804,0.06,0.1,1508.647,24.866
966,13.638,22.154,0.093,0.072,1409.823,24.738
967,12.894,6.693,0.114,0.047,1469.642,23.083
968,10.86,16.15,0.071,0.128,1481.074,26.054
969,25.622,11.812,0.144,0.062,1583.026,28.422
970,17.976,18.21,0.088,0.035,1458.043,25.808
971,3.846,4.243,0.119,0.069,1607.382,23.597
972,4.39,13.988,0.09,0.054,1591.919,21.64
973,4.606,11.164,0.077,0.034,1350.292,24.684
974,11.522,10.159,0.08,0.042,1390.314,24.231
975,11.548,23.706,0.136,0.085,1424.701,24.061
976,12.046,21.235,0.093,0.047,1354.648,25.955
977,17.426,21.621,0.055,0.094,1457.146,23.781
978,25.503,15.722,0.101,0.123,1530.454,27.653
979,15.811,13.172,0.054,0.077,1356.11,23.655
980,12.743,18.648,0.091,0.052,1475.522,27.921
981,11.989,7.566,0.103,0.052,1547.816,21.303
982,14.83,24.595,0.108,0.083,1655.434,28.792
983,14.127,25.015,0.061,0.094,1427.858,25.484
984,1.813,6.62,0.011,0.031,1529.71,22.271
985,10.792,11.341,0.089,0.069,1547.458,24.841
986,16.664,8.451,0.101,0.042,1575.068,25.23
987,7.69,21.761,0.138,0.076,1463.297,24.173
988,23.811,14.035,0.049,0.119,1521.0,24.375
989,17.261,17.453,0.067,0.026,1474.536,22.978
990,9.027,8.455,0.069,0.053,1310.677,24.063
991,11.637,12.539,0.066,0.093,1544.196,24.211
992,9.132,9.188,0.054,0.106,1357.999,26.724
993,5.795,6.757,0.09,0.075,1333.023,22.638
994,26.629,11.482,0.071,0.056,1484.135,26.87
995,9.609,20.627,0.088,0.022,1287.185,25.272
996,2.65,5.461,0.119,0.077,1571.362,25.116
997,20.635,18.795,0.102,0.068,1595.748,26.493
998,19.157,13.405,0.064,0.06,1536.195,26.155
999,18.299,12.02,0.03,0.078,1470.844,23.015
1000,17.24,23.348,0.124,0.103,1527.479,28.58
1001,12.148,19.727,0.096,0.055,1569.349,25.368
1002,22.173,17.981,0.123,0.029,1580.211,23.269
1003,13.517,21.319,0.117,0.119,1590.806,27.302
1004,4.715,8.41,0.071,0.016,1291.242,22.282
1005,13.074,24.021,0.047,0.053,1484.696,23.94
1006,12.049,26.101,0.097,0.12,1416.953,26.546
1007,21.572,11.134,0.122,0.06,1561.438,24.006
1008,22.696,21.083,0.131,0.045,1642.271,23.817
1009,18.389,19.264,0.099,0.053,1578.629,26.938
1010,22.751,21.278,0.075,0.114,1452.772,25.575
1011,5.128,12.061,0.071,0.094,1493.721,21.907
1012,12.71,25.026,0.066,0.051,1670.322,27.649
1013,25.492,10.052,0.145,0.137,1606.504,27.907
1014,7.704,9.263,0.036,0.083,1329.331,24.767
1015,10.605,7.262,0.062,0.122,1456.033,27.7
1016,25.223,11.805,0.097,0.142,1705.139,24.092
1017,13.932,21.517,0.147,0.121,1511.581,26.253
1018,17.323,11.318,0.118,0.038,1410.158,22.602
1019,18.405,15.697,0.084,0.135,1598.847,28.327
1020,23.659,15.45,0.129,0.066,1413.485,26.353
1021,19.009,9.504,0.093,0.116,1498.82,27.933
1022,19.41,24.521,0.058,0.126,1482.372,24.251
1023,8.18,20.001,0.044,0.015,1506.826,22.471
1024,11.954,18.945,0.048,0.123,1416.947,27.073
1025,2.395,20.543,0.065,0.054,1275.952,23.728
1026,15.166,20.346,0.109,0.115,1505.601,24.077
1027,8.738,9.554,0.067,0.049,1388.838,25.157
1028,4.284,2.165,0.023,0.069,1377.271,24.827
1029,16.75,10.207,0.057,0.095,1593.019,25.775
1030,17.497,13.98,0.091,0.127,1696.626,25.443
1031,19.212,12.984,0.08,0.098,1518.034,23.161
1032,11.312,22.805,0.081,0.088,1602.961,26.764
1033,9.785,24.081,0.095,0.139,1606.605,28.952
1034,5.816,9.882,0.088,0.08,1557.939,25.663
1035,19.513,16.836,0.113,0.117,1515.299,26.977
1036,6.294,13.418,0.084,0.102,1487.979,27.102
1037,26.193,17.211,0.06,0.096,1621.305,26.536
1038,20.244,16.983,0.103,0.059,1339.699,26.513
1039,22.321,17.912,0.101,0.076,1660.209,27.244
1040,14.463,14.844,0.073,0.069,1541.924,24.926
1041,18.797,20.926,0.084,0.085,1562.858,22.999
1042,10.892,17.298,0.064,0.088,1422.231,27.13
1043,10.926,8.036,0.026,0.078,1288.389,23.502
1044,18.438,16.265,0.03,0.008,1409.964,21.196
1045,8.759,24.273,0.158,0.069,1396.483,26.218
1046,7.342,12.52,0.065,0.048,1410.668,26.975
1047,5.253,8.363,0.106,0.074,1352.618,25.213
1048,18.914,24.674,0.081,0.091,1395.566,26.862
1049,17.482,16.858,0.077,0.104,1443.169,25.675
1050,16.832,20.199,0.088,0.038,1584.46,24.047
1051,23.98,28.488,0.114,0.093,1630.286,29.478
1052,18.944,21.163,0.037,0.049,1324.165,23.541
1053,9.653,11.943,0.101,0.034,1497.794,22.247
1054,10.256,15.927,0.14,0.051,1450.014,24.436
1055,10.718,9.863,0.131,0.057,1433.423,27.169
1056,11.814,10.291,0.109,0.056,1459.253,24.042
1057,19.052,9.575,0.059,0.086,1651.567,23.309
1058,9.995,10.036,0.13,0.145,1560.325,25.414
1059,22.161,15.333,0.109,0.088,1404.763,28.338
1060,23.047,22.295,0.153,0.08,1668.274,23.434
1061,15.843,14.212,0.064,0.098,1544.402,25.601
1062,18.912,19.128,0.018,0.03,1454.179,23.98
1063,10.841,28.738,0.083,0.151,1624.654,24.636
1064,13.576,20.713,0.016,0.051,1483.087,26.648
1065,7.711,11.491,0.141,0.066,1468.527,25.569
1066,6.872,15.719,0.124,0.1,1500.424,24.209
1067,20.22,26.3,0.061,0.082,1616.241,24.258
1068,6.042,8.779,0.104,0.11,1412.408,26.189
1069,9.834,20.371,0.044,0.097,1391.744,27.945
1070,8.764,6.533,0.126,0.037,1323.339,22.564
1071,22.423,23.492,0.098,0.063,1650.294,25.066
1072,25.895,12.904,0.142,0.05,1651.243,26.998
1073,17.7,19.076,0.129,0.072,1585.808,24.149
1074,12.111,17.318,0.053,0.072,1559.457,27.53
1075,12.286,15.82,0.073,0.1,1347.781,26.716
1076,17.152,27.254,0.084,0.111,1563.533,26.624
1077,2.783,14.002,0.053,0.011,1489.244,25.019
1078,4.917,4.77,0.044,0.049,1449.406,26.926
1079,6.558,10.415,0.068,0.1,1353.86,27.737
1080,14.912,16.159,0.116,0.02,1401.718,23.917
1081,16.48,21.776,0.066,0.084,1576.272,25.917
1082,20.53,18.677,0.093,0.108,1566.669,24.772
1083,15.886,15.832,0.106,0.074,1419.255,27.179
1084,10.43,20.402,0.121,0.013,1386.186,22.12
1085,5.084,8.399,0.096,0.111,1470.933,27.836
1086,9.445,11.54,0.055,0.121,1434.607,25.107
1087,17.901,27.137,0.139,0.058,1567.478,24.482
1088,6.329,14.233,0.087,0.012,1474.21,22.5
1089,21.003,10.324,0.043,0.103,1528.52,24.51
1090,19.842,24.728,0.145,0.078,1623.957,25.471
1091,19.389,20.396,0.144,0.105,1597.039,26.787
1092,10.425,24.334,0.127,0.073,1476.053,29.515
1093,25.122,12.63,0.069,0.068,1644.25,28.193
1094,11.975,7.412,0.031,0.053,1524.149,25.96
1095,14.298,13.558,0.059,0.104,1585.202,27.815
1096,21.293,10.185,0.118,0.027,1368.073,25.702
1097,17.188,18.815,0.099,0.16,1612.963,28.412
1098,16.752,16.513,0.097,0.084,1503.45,28.113
1099,20.116,13.747,0.113,0.013,1591.539,24.837
1100,24.054,17.144,0.114,0.045,1647.961,27.469
1101,23.239,20.351,0.087,0.05,1640.897,25.323
1102,14.458,25.014,0.124,0.114,1641.885,26.547
1103,21.328,23.964,0.118,0.13,1672.822,27.077
1104,22.73,12.664,0.156,0.051,1656.849,23.496
1105,6.358,4.332,0.094,0.006,1539.162,21.75
1106,9.616,28.665,0.073,0.054,1604.953,28.812
1107,14.182,17.294,0.112,0.108,1379.208,27.433
1108,11.741,29.397,0.073,0.05,1638.308,29.507
1109,21.81,7.322,0.087,0.067,1444.238,23.775
1110,14.758,12.761,0.1,0.091,1649.619,27.437
1111,16.895,23.656,0.058,0.121,1466.585,24.417
1112,13.665,17.85,0.089,0.108,1528.574,23.046
1113,23.594,23.421,0.072,0.054,1482.33,28.421
1114,25.778,13.211,0.152,0.165,1518.862,27.983
1115,18.341,14.779,0.112,0.062,1501.923,21.518
1116,25.243,16.122,0.104,0.06,1681.284,28.059
1117,8.865,19.986,0.071,0.122,1487.393,23.937
1118,27.347,13.165,0.041,0.135,1474.724,28.275
1119,19.101,15.811,0.047,0.026,1570.896,23.843
1120,14.131,13.569,0.101,0.079,1566.672,27.596
1121,13.44,10.621,0.033,0.05,1521.539,26.764
1122,18.351,28.517,0.153,0.096,1713.551,26.428
1123,18.164,5.237,0.04,0.062,1432.904,23.629
1124,4.809,23.052,0.024,0.045,1479.449,27.463
1125,7.635,24.188,0.048,0.091,1650.479,23.559
1126,13.404,11.902,0.089,0.088,1713.683,26.283
1127,28.399,24.145,0.17,0.112,1535.822,29.549
1128,20.832,11.316,0.119,0.09,1447.549,27.274
1129,24.184,10.721,0.129,0.072,1434.75,23.754
1130,20.773,24.408,0.084,0.154,1683.072,28.139
1131,24.93,11.689,0.119,0.107,1554.256,24.828
1132,7.304,8.325,0.062,0.028,1532.649,28.275
1133,4.275,16.179,0.087,0.075,1567.245,22.709
1134,6.477,9.831,0.121,0.04,1586.688,21.68
1135,16.017,21.357,0.089,0.092,1546.986,23.427
1136,24.256,23.794,0.129,0.092,1310.708,22.32
1137,20.227,12.17,0.057,0.054,1400.215,27.595
1138,8.836,19.385,0.086,0.085,1626.958,24.699
1139,15.502,5.964,0.071,0.126,1512.108,23.966
1140,6.863,14.537,0.024,0.073,1449.043,22.544
1141,12.697,17.414,0.128,0.026,1509.255,26.827
1142,21.832,10.666,0.061,0.046,1402.291,26.827
1143,16.108,22.189,0.17,0.113,1425.602,26.885
1144,21.409,19.957,0.143,0.04,1417.523,27.422
1145,29.515,14.408,0.105,0.123,1485.29,28.704
1146,17.633,3.087,0.075,0.025,1463.552,27.151
1147,6.342,23.312,0.089,0.118,1382.13,23.137
1148,8.116,14.996,0.027,0.094,1366.342,24.212
1149,23.89,20.333,0.139,0.136,1556.593,29.345
1150,18.793,19.193,0.021,0.034,1473.343,27.795
1151,25.912,31.657,0.147,0.13,1780.932,29.725
1152,21.438,24.199,0.153,0.074,1505.781,26.476
1153,13.31,23.065,0.039,0.034,1373.46,26.847
1154,15.472,18.144,0.124,0.156,1505.352,28.732
1155,11.149,28.297,0.081,0.142,1450.553,28.122
1156,6.861,18.329,0.082,0.109,1285.873,21.139
1157,12.738,22.622,0.125,0.136,1504.72,27.693
1158,26.819,19.452,0.104,0.131,1637.78,29.525
1159,17.209,7.735,0.051,0.065,1371.93,26.826
1160,26.492,21.187,0.168,0.05,1376.46,24.615
1161,14.14,5.198,0.005,0.024,1526.608,25.507
1162,11.575,23.987,0.102,0.118,1633.684,26.253
1163,10.102,28.247,0.073,0.069,1441.715,28.795
1164,11.122,9.274,0.077,0.069,1499.129,23.214
1165,13.914,25.428,0.135,0.036,1596.897,22.268
1166,11.925,20.143,0.038,0.127,1411.859,26.629
1167,2.887,19.591,0.059,0.084,1364.903,25.469
1168,27.934,14.485,0.13,0.118,1477.815,24.164
1169,16.827,7.234,0.147,0.111,1441.392,28.989
1170,22.506,11.349,0.17,0.116,1781.65,26.4
1171,20.368,20.796,0.072,0.13,1689.765,24.622
1172,27.008,13.389,0.069,0.119,1813.985,24.007
1173,12.463,12.582,0.047,0.056,1652.504,24.14
1174,23.624,16.495,0.07,0.077,1553.804,23.101
1175,16.988,4.479,0.094,0.038,1425.529,21.767
1176,25.618,20.454,0.141,0.16,1570.855,28.968
1177,10.383,21.951,0.136,0.045,1421.8,27.718
1178,26.736,15.091,0.113,0.093,1575.812,23.383
1179,23.233,16.446,0.132,0.077,1582.463,22.474
1180,11.136,21.049,0.089,0.062,1571.936,27.045
1181,21.663,25.194,0.16,0.055,1420.875,26.837
1182,17.655,5.265,0.059,0.09,1504.245,23.046
1183,5.821,23.962,0.111,0.134,1364.075,27.796
1184,6.717,8.722,0.077,0.037,1606.892,23.554
1185,12.15,15.202,0.106,0.174,1621.73,29.471
1186,14.736,7.283,0.095,0.003,1436.228,25.436
1187,17.009,18.242,0.012,0.022,1277.719,25.917
1188,16.794,29.142,0.053,0.052,1601.058,23.694
1189,31.057,14.581,0.15,0.092,1635.963,25.79
1190,32.972,19.043,0.091,0.111,1636.318,25.304
1191,12.125,21.972,0.044,0.03,1644.908,26.454
1192,32.092,28.468,0.075,0.134,1693.11,26.352
1193,2.961,4.328,0.064,0.018,1297.459,22.7
1194,15.769,22.031,0.141,0.055,1570.258,28.323
1195,9.863,14.999,0.124,0.071,1680.903,26.291
1196,17.913,12.902,0.064,0.034,1380.785,25.068
1197,29.227,24.909,0.151,0.087,1513.793,27.449
1198,31.986,23.255,0.135,0.133,1746.711,24.413
1199,6.283,16.07,0.033,0.04,1446.341,23.742
1200,23.617,24.487,0.115,0.045,1409.157,26.601
1201,14.406,23.344,0.158,0.117,1428.814,26.078
1202,5.419,6.896,0.059,0.05,1602.914,23.265
1203,27.377,27.959,0.133,0.151,1623.305,23.942
1204,26.722,29.164,0.106,0.119,1760.156,26.856
1205,4.003,16.341,0.054,0.088,1366.478,21.855
1206,11.334,13.795,0.1,0.141,1383.565,26.978
1207,33.918,18.973,0.109,0.124,1522.287,27.507
1208,17.514,18.04,0.112,0.135,1579.584,25.661
1209,9.606,10.123,0.064,0.062,1291.952,27.454
1210,20.584,14.262,0.085,0.089,1675.781,24.333
1211,17.955,12.86,0.045,0.05,1483.315,24.165
1212,24.055,24.852,0.06,0.031,1542.378,22.28
1213,9.376,16.686,0.126,0.119,1692.444,29.005
1214,19.645,18.293,0.168,0.15,1466.742,30.428
1215,15.524,20.018,0.088,0.123,1593.922,27.748
1216,24.32,27.908,0.143,0.072,1794.239,26.359
1217,18.789,26.305,0.154,0.073,1663.894,25.669
1218,4.424,11.915,0.131,0.041,1454.199,27.455
1219,1.551,15.864,0.028,0.014,1412.091,22.31
1220,17.491,27.58,0.105,0.114,1548.022,26.336
1221,14.369,22.405,0.062,0.101,1762.384,30.552
1222,28.941,25.077,0.064,0.115,1519.729,25.116
1223,19.236,20.153,0.086,0.036,1323.014,28.4
1224,25.626,10.513,0.064,0.088,1730.594,26.601
1225,13.056,5.874,0.047,0.116,1353.078,22.871
1226,15.644,22.963,0.15,0.134,1376.672,27.443
1227,8.885,21.345,0.136,0.02,1531.515,26.733
1228,9.228,14.745,0.044,0.099,1447.657,28.884
1229,16.522,7.119,0.075,0.056,1464.34,25.875
1230,21.887,8.645,0.146,0.041,1701.242,23.616
1231,14.317,11.418,0.041,0.034,1457.011,25.677
1232,16.375,19.837,0.167,0.053,1420.227,27.308
1233,6.12,11.165,0.167,0.057,1628.774,23.331
1234,21.874,27.749,0.11,0.124,1615.541,29.122
1235,1.697,14.61,0.029,0.009,1275.922,26.085
1236,14.105,22.299,0.056,0.031,1690.381,23.985
1237,23.188,18.419,0.159,0.118,1523.141,28.803
1238,18.331,13.863,0.123,0.107,1570.345,24.881
1239,9.529,23.506,0.056,0.11,1380.178,25.588
1240,16.695,9.319,0.145,0.092,1610.92,26.862
1241,30.998,18.318,0.063,0.057,1797.63,27.883
1242,14.38,23.422,0.123,0.084,1441.182,24.417
1243,27.852,20.162,0.062,0.14,1465.775,25.501
1244,17.757,27.489,0.062,0.151,1622.098,28.896
1245,15.741,19.868,0.044,0.107,1315.033,21.403
1246,19.347,30.357,0.078,0.071,1670.493,29.495
1247,14.502,25.612,0.042,0.123,1500.079,27.89
1248,21.116,15.194,0.168,0.128,1454.912,29.205
1249,10.208,9.623,0.012,0.08,1606.486,27.099
1250,16.445,28.57,0.153,0.109,1655.601,24.051
1251,27.347,22.454,0.098,0.069,1487.997,23.463
1252,17.056,10.869,0.101,0.031,1415.231,26.569
1253,14.576,11.229,0.094,0.033,1572.541,25.255
1254,20.654,17.208,0.082,0.172,1605.389,28.312
1255,15.826,18.653,0.048,0.123,1544.846,27.467
1256,5.962,9.369,0.02,0.115,1651.578,24.008
1257,14.534,29.753,0.064,0.158,1762.321,29.3
1258,20.89,10.15,0.072,0.02,1675.133,23.615
1259,10.343,28.505,0.057,0.055,1560.706,27.793
1260,14.398,25.983,0.056,0.131,1403.394,23.734
1261,7.341,24.86,0.04,0.036,1315.574,27.678
1262,32.203,20.68,0.112,0.118,1435.985,24.176
1263,20.935,21.555,0.115,0.06,1565.975,27.954
1264,24.869,22.13,0.058,0.085,1583.527,27.957
1265,15.514,5.582,0.061,0.066,1353.494,22.543
1266,31.282,28.165,0.134,0.048,1693.685,25.963
1267,21.863,1.152,0.078,0.122,1490.677,27.92
1268,31.312,17.426,0.19,0.141,1725.677,27.192
1269,20.572,8.908,0.075,0.074,1651.594,26.066
1270,7.907,7.794,0.03,0.123,1623.557,25.485
1271,17.428,3.268,0.086,0.023,1625.736,21.499
1272,23.583,24.811,0.074,0.034,1456.092,23.459
1273,22.562,20.212,0.149,0.162,1653.532,29.243
1274,10.955,8.644,0.036,0.09,1422.246,29.266
1275,29.498,11.205,0.172,0.052,1739.007,26.363
1276,13.404,13.266,0.151,0.181,1464.735,31.07
1277,28.216,10.052,0.078,0.13,1678.051,25.859
1278,34.232,32.364,0.099,0.056,1628.799,28.73
1279,10.287,19.647,0.185,0.159,1514.609,28.668
1280,6.386,27.37,0.092,0.053,1613.307,27.473
1281,8.637,5.487,0.136,0.123,1416.676,25.583
1282,32.461,27.006,0.18,0.112,1637.308,29.924
1283,10.58,27.591,0.089,0.163,1588.486,26.028
1284,20.164,13.003,0.087,0.132,1670.125,22.484
1285,12.05,15.363,0.128,0.052,1346.455,28.449
1286,31.315,23.379,0.093,0.126,1585.223,27.631
1287,14.499,28.236,0.127,0.074,1507.619,25.535
1288,15.618,11.108,0.088,0.063,1815.708,25.911
1289,13.259,30.405,0.183,0.112,1720.328,29.481
1290,19.287,15.966,0.148,0.119,1796.991,27.401
1291,3.919,20.15,0.035,0.003,1671.009,27.18
1292,19.289,22.221,0.058,0.091,1465.595,24.886
1293,21.09,12.58,0.093,0.085,1550.934,26.513
1294,22.997,22.38,0.079,0.132,1585.414,24.189
1295,22.618,26.629,0.06,0.047,1504.958,28.57
1296,7.494,7.555,0.082,0.04,1416.871,28.369
1297,7.652,4.357,0.108,0.018,1403.417,25.757
1298,6.986,10.011,0.127,0.071,1586.464,24.513
1299,30.874,22.281,0.172,0.134,1686.984,30.137
1300,31.63,21.028,0.088,0.107,1747.04,29.879
1301,23.62,21.905,0.148,0.126,1746.91,29.792
1302,24.164,14.071,0.068,0.089,1581.049,23.353
1303,26.24,20.184,0.156,0.111,1722.885,26.996
1304,6.494,12.128,0.128,0.109,1371.542,24.076
1305,24.048,28.453,0.168,0.072,1682.938,25.633
1306,16.519,11.839,0.163,0.145,1369.481,23.681
1307,21.528,8.307,0.077,0.144,1332.284,26.926
1308,18.261,29.447,0.157,0.136,1800.404,29.966
1309,10.309,22.481,0.124,0.091,1419.122,23.376
1310,22.752,19.55,0.135,0.17,1551.421,24.219
1311,14.581,10.147,0.017,0.105,1321.616,25.389
1312,27.003,21.241,0.143,0.044,1288.152,25.654
1313,29.82,33.265,0.092,0.057,1855.497,25.109
1314,11.385,17.86,0.094,0.076,1653.936,27.86
1315,9.669,21.966,0.067,0.129,1606.557,28.898
1316,21.606,3.545,0.043,0.066,1541.963,22.236
1317,30.092,29.341,0.102,0.186,1579.687,28.17
1318,19.828,14.64,0.108,0.083,1689.992,30.14
1319,15.784,12.543,0.147,0.143,1411.827,26.227
1320,30.9,22.951,0.088,0.111,1769.739,26.033
1321,21.499,31.034,0.069,0.181,1571.24,28.028
1322,21.694,19.535,0.212,0.067,1717.258,26.804
1323,27.903,28.319,0.066,0.052,1715.45,26.004
1324,15.938,28.473,0.092,0.112,1726.224,27.127
1325,15.193,35.43,0.159,0.141,1843.751,27.1
1326,22.668,20.422,0.147,0.176,1839.577,25.042
1327,17.5,18.569,0.138,0.13,1659.088,26.188
1328,12.757,21.201,0.089,0.092,1387.262,23.644
1329,27.971,22.708,0.126,0.127,1616.166,26.634
1330,23.916,35.429,0.186,0.183,1530.437,27.661
1331,24.212,14.44,0.06,0.048,1749.095,28.058
1332,34.341,23.888,0.077,0.131,1510.313,27.651
1333,26.238,8.256,0.105,0.148,1381.001,25.519
1334,29.833,28.681,0.036,0.156,1561.679,27.851
1335,15.984,24.078,0.039,0.097,1677.039,24.319
1336,19.218,22.053,0.09,0.048,1401.974,28.667
1337,9.725,27.415,0.063,0.131,1536.013,29.76
1338,21.83,21.209,0.122,0.139,1682.695,23.098
1339,24.261,18.18,0.122,0.127,1545.946,27.337
1340,17.466,14.102,0.079,0.097,1633.872,25.527
1341,25.856,32.605,0.168,0.098,1693.747,25.717
1342,24.956,7.378,0.12,0.127,1547.646,21.504
1343,19.926,15.8,0.101,0.096,1584.848,27.972
1344,28.87,17.592,0.086,0.081,1689.084,28.704
1345,34.165,16.383,0.117,0.101,1456.587,27.135
1346,14.344,28.252,0.146,0.148,1704.262,27.798
1347,34.399,14.379,0.121,0.118,1443.429,28.281
1348,6.825,7.079,0.035,0.143,1329.336,25.804
1349,22.831,32.443,0.122,0.081,1716.412,31.022
1350,15.63,35.046,0.087,0.188,1633.65,31.777
1351,6.809,6.752,0.098,0.063,1616.695,27.563
1352,8.562,8.302,0.136,0.035,1338.401,28.271
1353,13.95,37.331,0.196,0.16,1592.238,29.021
1354,22.764,37.334,0.107,0.119,1798.613,26.764
1355,20.173,26.624,0.05,0.067,1618.366,26.003
1356,21.646,11.404,0.056,0.105,1568.925,24.389
1357,25.339,18.618,0.125,0.043,1426.534,22.883
1358,6.38,19.835,0.099,0.033,1615.295,26.331
1359,26.597,18.99,0.172,0.114,1699.163,25.173
1360,29.197,19.73,0.163,0.188,1586.184,30.064
1361,6.748,15.743,0.161,0.077,1502.325,26.35
1362,21.797,28.319,0.13,0.054,1530.381,23.307
1363,30.102,19.681,0.167,0.086,1737.345,27.888
1364,10.88,17.012,0.119,0.063,1370.655,24.944
1365,10.375,13.436,0.133,0.074,1442.301,25.836
1366,15.814,8.595,0.117,0.059,1787.379,24.347
1367,11.206,14.166,0.135,0.139,1677.214,30.257
1368,6.406,4.832,0.136,0.136,1666.246,25.041
1369,9.923,15.013,0.144,0.067,1695.415,24.643
1370,19.432,9.39,0.099,0.045,1695.105,28.966
1371,14.932,25.082,0.141,0.059,1386.376,25.669
1372,27.761,8.759,0.047,0.052,1533.568,22.636
1373,25.141,23.62,0.1,0.124,1444.991,28.148
1374,17.924,23.283,0.09,0.064,1718.133,23.974
1375,31.001,26.29,0.048,0.061,1700.584,27.28
1376,6.846,20.907,0.133,0.041,1651.945,21.781
1377,14.864,31.114,0.082,0.169,1486.444,26.846
1378,29.377,32.856,0.1,0.139,1806.542,30.109
1379,36.219,34.513,0.145,0.08,1510.845,23.997
1380,16.101,12.212,0.106,0.11,1741.032,30.989
1381,30.259,24.37,0.083,0.167,1825.917,31.027
1382,19.938,15.484,0.149,0.05,1789.049,28.384
1383,25.72,27.165,0.139,0.066,1729.3,28.383
1384,25.066,19.78,0.2,0.191,1813.992,29.932
1385,13.642,11.43,0.171,0.051,1679.889,23.902
1386,24.573,32.98,0.166,0.048,1548.759,27.666
1387,20.022,20.397,0.114,0.103,1436.026,24.273
1388,3.297,23.089,0.157,0.05,1370.081,26.749
1389,28.561,21.764,0.145,0.041,1561.815,26.604
1390,38.306,37.77,0.158,0.191,1917.926,28.601
1391,21.62,18.555,0.168,0.084,1736.108,23.37
1392,20.016,23.201,0.063,0.048,1383.895,23.349
1393,21.575,19.611,0.092,0.128,1809.46,27.413
1394,19.928,17.199,0.201,0.125,1861.426,26.582
1395,8.849,3.979,0.117,0.094,1398.742,27.899
1396,17.266,26.625,0.172,0.191,1814.188,28.356
1397,23.652,11.156,0.155,0.137,1658.353,25.349
1398,9.327,8.616,0.153,0.075,1391.74,30.001
1399,11.482,6.732,0.084,0.055,1509.002,22.332
1400,25.911,14.142,0.012,0.108,1617.294,23.972
1401,24.341,9.604,0.056,0.126,1720.034,22.572
1402,18.927,29.294,0.073,0.08,1726.614,29.394
1403,4.98,23.685,0.062,0.159,1417.364,25.287
1404,22.914,23.406,0.161,0.182,1730.297,29.828
1405,29.515,21.102,0.15,0.043,1444.135,24.584
1406,12.078,9.236,0.061,0.144,1712.512,24.706
1407,8.954,8.74,0.152,0.025,1720.577,24.884
1408,23.965,29.53,0.193,0.117,1881.831,26.204
1409,25.76,28.131,0.202,0.129,1832.698,27.88
1410,24.189,6.059,0.143,0.016,1462.36,26.768
1411,18.143,10.867,0.04,0.049,1652.007,28.244
1412,26.223,7.337,0.128,0.045,1583.489,23.751
1413,18.485,11.237,0.021,0.116,1590.525,25.031
1414,31.239,19.472,0.18,0.042,1493.292,27.164
1415,16.629,30.045,0.102,0.055,1371.13,26.527
1416,14.627,35.053,0.183,0.058,1855.53,25.192
1417,7.51,27.165,0.076,0.059,1661.363,26.351
1418,23.04,21.634,0.069,0.143,1482.042,27.429
1419,22.857,13.689,0.157,0.124,1513.093,25.628
1420,30.402,27.269,0.23,0.193,1501.567,25.424
1421,28.172,17.726,0.111,0.157,1363.984,27.643
1422,15.146,32.818,0.114,0.124,1814.768,26.757
1423,5.238,17.907,0.048,0.072,1419.567,23.545
1424,33.94,12.032,0.05,0.075,1650.029,23.78
1425,24.865,18.24,0.062,0.091,1382.834,27.675
1426,33.516,26.141,0.13,0.201,1762.814,25.34
1427,27.022,25.107,0.097,0.168,1486.838,26.264
1428,22.234,17.835,0.185,0.095,1613.875,24.91
1429,5.904,7.829,0.084,0.09,1383.184,21.675
1430,30.325,6.11,0.073,0.079,1728.598,28.865
1431,8.161,19.896,0.088,0.099,1681.204,24.238
1432,7.754,31.5,0.13,0.167,1698.56,24.262
1433,15.406,13.163,0.061,0.082,1510.034,22.621
1434,13.268,11.957,0.113,0.068,1452.431,24.581
1435,24.66,13.661,0.067,0.07,1714.242,29.113
1436,23.946,8.482,0.158,0.104,1423.105,28.531
1437,33.659,17.97,0.155,0.142,1723.056,27.436
1438,28.553,30.873,0.191,0.105,1927.204,25.71
1439,37.0,21.359,0.133,0.125,1791.221,26.375
1440,25.74,28.719,0.074,0.114,1613.129,26.25
1441,19.271,25.801,0.047,0.13,1642.196,30.726
1442,20.692,31.76,0.094,0.11,1719.432,23.656
1443,36.128,22.701,0.22,0.194,1592.194,26.443
1444,19.238,20.455,0.031,0.068,1698.468,29.418
1445,13.324,12.73,0.142,0.122,1570.974,31.424
1446,9.066,15.761,0.183,0.147,1413.031,27.306
1447,32.073,13.517,0.189,0.104,1829.613,27.653
1448,17.073,18.752,0.156,0.069,1685.838,31.815
1449,21.589,10.867,0.049,0.074,1499.929,26.261
1450,14.096,8.726,0.195,0.047,1576.382,30.705
1451,23.991,18.118,0.088,0.116,1703.521,29.988
1452,37.422,14.596,0.133,0.194,1810.704,29.351
1453,28.592,6.722,0.175,0.054,1791.851,28.403
1454,12.302,13.062,0.155,0.148,1473.764,29.748
1455,12.353,31.217,0.134,0.173,1726.872,28.799
1456,14.952,17.858,0.078,0.141,1812.245,30.37
1457,10.471,34.211,0.182,0.14,1503.228,28.312
1458,30.293,33.031,0.125,0.199,1558.798,32.641
1459,11.184,10.965,0.047,0.118,1296.584,28.37
1460,23.549,25.141,0.108,0.163,1431.309,25.052
1461,23.088,14.645,0.209,0.101,1879.695,25.987
1462,26.858,16.673,0.142,0.148,1883.873,25.327
1463,34.103,13.021,0.105,0.093,1662.804,26.316
1464,13.574,27.947,0.189,0.181,1819.179,27.456
1465,10.472,6.894,0.076,0.064,1505.968,25.164
1466,23.043,12.361,0.054,0.066,1793.289,23.45
1467,40.444,15.886,0.125,0.138,1611.473,26.652
1468,25.625,33.584,0.097,0.125,1845.036,27.335
1469,8.973,18.707,0.165,0.069,1832.129,25.053
1470,24.464,19.808,0.171,0.094,1762.956,27.347
1471,18.456,38.254,0.113,0.073,1749.314,25.918
1472,7.443,26.019,0.18,0.078,1504.566,22.253
1473,28.874,34.436,0.145,0.073,1795.571,25.592
1474,19.479,27.998,0.141,0.081,1636.855,26.502
1475,9.99,8.372,0.088,0.112,1511.132,29.044
1476,24.827,22.704,0.127,0.189,1625.792,24.528
1477,22.948,26.856,0.076,0.047,1669.365,27.924
1478,30.121,20.727,0.138,0.092,1477.785,30.896
1479,36.583,28.13,0.125,0.099,1913.85,28.43
1480,28.376,27.687,0.143,0.041,1438.675,26.332
1481,20.681,4.063,0.161,0.139,1424.687,26.556
1482,32.082,25.35,0.108,0.178,1888.61,32.189
1483,18.415,28.856,0.241,0.141,1490.298,26.28
1484,16.312,25.584,0.12,0.078,1720.407,28.16
1485,20.223,11.077,0.122,0.106,1486.522,28.402
1486,18.602,25.971,0.065,0.12,1368.104,26.435
1487,29.304,12.735,0.083,0.077,1807.438,31.287
1488,28.532,28.658,0.16,0.106,1551.546,22.65
1489,33.471,7.55,0.172,0.125,1593.887,29.844
1490,7.922,17.503,0.033,0.103,1580.731,29.089
1491,5.971,9.601,0.182,0.101,1587.624,24.375
1492,21.712,23.633,0.131,0.026,1674.555,22.701
1493,30.971,8.699,0.09,0.092,1608.34,27.239
1494,17.106,4.166,0.106,0.05,1741.12,30.105
1495,29.965,15.656,0.135,0.062,1863.669,24.794
1496,21.947,13.461,0.027,0.029,1714.733,25.677
1497,34.509,41.863,0.152,0.21,1980.824,32.222
1498,34.141,32.229,0.126,0.094,1589.786,29.039
1499,12.548,27.926,0.137,0.076,1694.229,24.169
1500,24.186,28.234,0.085,0.15,1457.728,29.558
1501,13.069,15.958,0.031,0.092,1526.739,27.261
1502,22.801,16.646,0.16,0.074,1693.147,26.128
1503,11.534,19.825,0.1,0.103,1799.423,27.792
1504,28.424,19.765,0.079,0.113,1671.996,28.754
1505,30.985,4.18,0.174,0.138,1487.863,28.048
1506,14.545,39.369,0.131,0.179,1707.662,26.252
1507,13.96,12.861,0.176,0.165,1866.666,27.098
1508,22.789,29.276,0.122,0.142,1944.518,29.73
1509,23.702,12.434,0.159,0.138,1436.624,23.349
1510,20.006,13.991,0.195,0.09,1820.538,29.464
1511,22.318,21.255,0.203,0.116,1883.154,31.69
1512,12.0,1.792,0.126,0.154,1336.609,27.48
1513,21.384,26.628,0.22,0.129,1948.671,32.577
1514,18.19,12.486,0.176,0.059,1817.135,29.117
1515,30.3,11.785,0.088,0.172,1584.669,31.064
1516,11.939,16.558,0.051,0.137,1576.426,28.142
1517,22.738,38.061,0.097,0.157,1925.219,30.551
1518,29.367,30.635,0.087,0.087,1689.414,30.759
1519,26.868,30.482,0.127,0.063,1566.613,27.066
1520,21.847,24.753,0.126,0.132,1831.597,25.537
1521,31.032,17.868,0.153,0.158,1900.331,26.99
1522,32.748,14.756,0.132,0.078,1364.932,30.202
1523,36.308,9.823,0.122,0.125,1525.119,30.122
1524,35.903,22.994,0.186,0.202,1974.731,32.726
1525,24.619,31.038,0.149,0.139,1404.041,28.586
1526,13.494,29.725,0.098,0.164,1639.115,32.336
1527,36.225,16.494,0.191,0.179,1512.362,30.312
1528,24.518,34.147,0.159,0.206,1639.784,26.814
1529,8.848,25.516,0.121,0.117,1781.337,22.765
1530,20.442,30.203,0.065,0.145,1730.221,24.475
1531,38.958,29.827,0.106,0.169,1785.461,27.503
1532,32.713,31.213,0.208,0.062,1750.825,28.904
1533,36.386,28.208,0.122,0.074,1468.942,31.076
1534,27.408,31.97,0.179,0.108,1476.499,23.522
1535,14.403,17.188,0.147,0.156,1715.108,27.269
1536,28.012,8.866,0.155,0.029,1749.551,22.511
1537,15.169,24.433,0.167,0.049,1450.295,28.698
1538,8.133,20.543,0.054,0.148,1567.262,24.432
1539,17.956,27.893,0.144,0.086,1493.761,28.816
1540,14.443,20.777,0.192,0.029,1709.481,22.773
1541,28.555,16.675,0.177,0.116,1330.242,28.952
1542,15.645,14.132,0.071,0.115,1460.629,24.608
1543,30.96,30.263,0.076,0.125,1385.275,22.748
1544,31.719,22.958,0.16,0.078,1752.12,31.021
1545,16.073,19.775,0.091,0.209,1866.125,26.799
1546,25.485,1.175,0.05,0.099,1416.539,23.421
1547,20.583,12.903,0.214,0.119,1593.805,27.132
1548,30.878,26.451,0.153,0.065,1516.928,23.095
1549,19.487,25.305,0.075,0.025,1566.431,29.954
1550,35.341,27.704,0.196,0.161,1529.332,29.286
1551,10.722,13.773,0.128,0.082,1622.066,26.816
1552,43.005,42.944,0.22,0.23,1919.769,30.116
1553,14.908,7.758,0.071,0.076,1458.986,24.408
1554,30.753,24.14,0.134,0.134,1305.958,25.15
1555,19.814,40.39,0.206,0.162,1880.692,31.868
1556,14.014,17.523,0.123,0.093,1550.582,25.172
1557,11.304,9.52,0.077,0.045,1454.485,29.054
1558,21.194,32.282,0.121,0.067,1451.069,26.947
1559,22.157,18.613,0.14,0.175,1696.065,24.896
1560,23.055,35.081,0.125,0.169,1684.781,23.074
1561,19.66,34.34,0.061,0.171,1704.65,25.438
1562,29.697,38.148,0.109,0.225,1958.059,28.281
1563,30.366,32.148,0.146,0.111,1403.296,25.031
1564,23.888,27.827,0.131,0.154,1907.387,25.928
1565,13.536,26.525,0.096,0.167,1672.858,27.308
1566,29.165,29.361,0.231,0.212,1819.679,24.586
1567,19.569,7.336,0.071,0.031,1715.61,27.287
1568,24.106,30.829,0.16,0.099,1451.132,24.221
1569,32.522,29.11,0.222,0.118,1944.691,28.272
1570,31.208,9.087,0.06,0.142,1776.134,28.858
1571,25.188,39.394,0.088,0.189,1759.962,29.42
1572,21.242,21.86,0.132,0.162,1538.372,25.284
1573,27.825,33.371,0.146,0.201,1642.55,32.354
1574,38.799,18.919,0.07,0.06,1532.574,24.533
1575,31.378,25.093,0.011,0.058,1682.192,26.502
1576,13.549,30.717,0.18,0.053,1644.774,26.539
1577,18.375,29.103,0.187,0.204,1844.662,24.424
1578,11.631,15.302,0.084,0.048,1626.119,22.534
1579,31.784,31.914,0.234,0.071,1554.411,27.371
1580,14.2,38.666,0.229,0.186,1728.336,31.125
1581,21.03,14.934,0.171,0.118,1894.191,25.604
1582,9.518,32.869,0.022,0.054,1645.61,28.283
1583,5.321,23.325,0.105,0.022,1813.453,27.247
1584,27.119,13.657,0.141,0.151,1399.603,25.925
1585,19.403,37.138,0.232,0.143,1548.658,32.233
1586,23.502,8.894,0.019,0.12,1684.876,25.25
1587,18.924,41.46,0.236,0.102,1670.901,28.722
1588,11.151,33.488,0.171,0.093,1802.526,27.553
1589,27.729,35.828,0.203,0.208,1958.94,30.348
1590,8.706,15.716,0.12,0.137,1439.563,25.05
1591,19.35,10.161,0.093,0.077,1637.377,28.997
1592,22.079,23.262,0.106,0.131,1971.286,27.332
1593,11.637,5.584,0.106,0.125,1548.61,23.452
1594,12.186,6.557,0.023,0.159,1799.728,25.523
1595,15.586,19.987,0.229,0.17,1772.263,29.724
1596,18.115,17.713,0.187,0.077,1605.913,29.213
1597,16.108,28.677,0.048,0.17,1784.921,31.16
1598,25.319,33.644,0.086,0.11,1676.34,25.042
1599,6.945,17.435,0.064,0.012,1731.827,26.962
1600,13.64,17.344,0.093,0.136,1659.201,24.83
1601,8.605,9.05,0.136,0.102,1415.81,28.394
1602,10.673,19.265,0.065,0.105,1713.249,31.869
1603,22.691,36.408,0.113,0.146,1799.841,28.257
1604,10.731,15.658,0.167,0.059,1845.64,31.784
1605,31.944,25.814,0.136,0.089,1389.819,25.184
1606,8.521,21.44,0.119,0.115,1371.412,22.79
1607,10.212,28.495,0.174,0.146,1828.683,25.554
1608,15.819,15.578,0.05,0.16,1836.886,27.448
1609,9.173,33.784,0.093,0.179,1349.542,22.928
1610,24.413,1.947,0.114,0.051,1681.194,25.355
1611,4.543,20.401,0.105,0.172,1624.489,28.658
1612,23.082,31.909,0.108,0.106,1836.32,25.392
1613,15.181,4.98,0.171,0.127,1776.918,24.765
1614,23.454,8.354,0.039,0.143,1575.609,23.5
1615,10.02,29.008,0.185,0.117,1757.27,23.436
1616,17.238,13.958,0.237,0.108,1634.288,32.759
1617,40.37,14.757,0.221,0.151,1849.375,27.432
1618,17.815,36.288,0.181,0.149,1543.994,27.713
1619,23.648,39.394,0.2,0.093,1629.035,26.95
1620,30.143,27.863,0.196,0.111,1653.455,24.659
1621,21.869,20.01,0.129,0.055,1684.498,28.52
1622,14.141,13.223,0.135,0.059,1745.276,28.961
1623,43.265,19.196,0.219,0.116,1806.939,31.674
1624,34.462,4.563,0.118,0.035,1349.097,22.993
1625,16.819,34.442,0.201,0.069,1867.677,29.886
1626,24.97,17.729,0.056,0.149,1676.348,23.847
1627,17.449,9.242,0.068,0.047,1760.519,29.439
1628,16.189,32.886,0.113,0.209,1772.539,25.573
1629,17.546,22.029,0.08,0.081,1608.524,23.624
1630,34.578,38.795,0.204,0.093,1725.87,24.85
1631,24.377,25.959,0.093,0.133,1524.83,22.573
1632,30.88,18.396,0.184,0.188,1391.858,27.163
1633,33.666,17.627,0.144,0.168,1627.952,25.855
1634,32.12,30.294,0.111,0.119,1625.351,30.293
1635,7.023,30.52,0.104,0.062,1747.166,22.721
1636,4.151,18.488,0.107,0.027,1490.412,26.166
1637,27.002,18.223,0.187,0.017,1698.598,21.826
1638,27.983,33.436,0.221,0.192,1938.548,32.107
1639,25.134,42.91,0.176,0.156,1941.618,31.557
1640,27.761,36.299,0.197,0.186,1792.894,30.33
1641,40.938,29.064,0.162,0.137,1786.049,25.528
1642,41.724,17.291,0.124,0.167,1845.031,31.122
1643,14.097,23.442,0.242,0.169,1823.947,32.989
1644,16.417,16.611,0.115,0.186,1616.229,27.78
1645,41.526,36.557,0.093,0.193,1765.614,33.619
1646,42.399,19.599,0.128,0.154,1649.786,29.577
1647,33.3,16.647,0.164,0.103,1572.054,29.831
1648,17.007,21.322,0.15,0.077,1735.77,23.233
1649,25.072,9.803,0.188,0.062,1757.198,27.465
1650,39.529,36.336,0.097,0.131,1689.57,33.35
1651,12.161,18.505,0.14,0.095,1480.07,30.24
1652,20.117,33.913,0.163,0.106,1680.225,31.455
1653,29.607,20.18,0.057,0.116,1595.923,29.977
1654,31.717,3.161,0.043,0.067,1743.949,29.437
1655,14.31,6.081,0.152,0.03,1671.34,29.846
1656,41.542,22.482,0.26,0.127,1971.841,30.875
1657,11.159,10.265,0.169,0.13,1263.523,23.111
1658,17.487,27.693,0.176,0.12,1596.598,22.679
1659,15.683,22.622,0.167,0.064,1599.854,26.128
1660,16.501,30.288,0.118,0.087,1510.205,26.937
1661,30.909,15.216,0.157,0.122,1536.054,25.056
1662,21.709,16.488,0.11,0.157,1865.712,32.871
1663,25.513,30.78,0.137,0.043,1648.706,29.863
1664,16.095,16.036,0.129,0.1,1882.926,30.878
1665,8.767,25.325,0.074,0.143,1632.587,29.879
1666,42.771,19.235,0.201,0.157,1957.878,26.955
1667,23.295,29.839,0.154,0.186,1756.728,28.941
1668,33.738,19.366,0.088,0.097,1933.452,26.627
1669,24.16,32.929,0.141,0.085,1936.092,28.032
1670,18.073,20.684,0.076,0.129,1671.024,27.43
1671,13.533,15.235,0.123,0.137,1500.96,21.906
1672,8.567,10.852,0.114,0.201,1769.672,29.713
1673,31.199,33.388,0.169,0.044,1768.27,26.099
1674,19.577,14.709,0.195,0.126,1631.932,26.526
1675,20.865,32.995,0.183,0.194,1608.458,27.161
1676,39.128,27.678,0.135,0.199,1759.344,26.775
1677,15.797,23.77,0.132,0.158,1518.372,28.472
1678,23.509,40.063,0.193,0.099,1992.031,27.9
1679,11.647,21.676,0.221,0.204,1950.058,30.184
1680,14.283,39.299,0.179,0.21,1535.625,29.963
1681,38.544,15.3,0.236,0.187,1727.417,31.929
1682,35.485,11.179,0.038,0.103,1470.594,26.567
1683,32.652,19.552,0.152,0.181,1724.068,30.146
1684,21.506,8.559,0.207,0.178,1490.774,26.171
1685,10.12,18.247,0.141,0.066,1595.931,27.956
1686,22.034,42.437,0.224,0.152,1877.902,30.506
1687,33.915,39.776,0.17,0.06,1651.103,25.298
1688,23.598,18.672,0.198,0.101,1542.617,22.699
1689,40.8,19.333,0.238,0.124,1816.644,25.742
1690,31.3,16.986,0.179,0.187,1421.933,25.316
1691,18.005,14.339,0.075,0.15,1706.197,25.217
1692,36.864,27.968,0.172,0.065,1600.784,28.549
1693,24.432,41.571,0.132,0.064,1992.68,30.631
1694,30.082,39.044,0.183,0.097,1846.532,28.805
1695,30.469,17.535,0.086,0.214,1937.215,31.067
1696,25.192,34.466,0.172,0.173,1821.727,23.555
1697,29.455,4.525,0.131,0.051,1350.538,25.608
1698,23.194,10.778,0.228,0.099,1489.631,24.669
1699,25.647,46.096,0.236,0.162,2062.042,29.056
1700,7.718,25.765,0.189,0.067,1516.335,29.312
1701,10.8,21.203,0.185,0.137,1382.13,27.913
1702,28.775,12.755,0.121,0.18,1651.746,29.477
1703,23.16,19.038,0.185,0.132,1410.78,24.296
1704,30.566,12.12,0.1,0.174,1677.959,25.45
1705,26.531,19.996,0.179,0.098,1593.317,25.214
1706,35.273,26.683,0.089,0.169,1826.979,30.704
1707,26.336,20.434,0.103,0.093,1513.981,28.466
1708,43.204,17.075,0.176,0.203,1603.781,29.818
1709,40.664,28.634,0.133,0.216,1759.816,33.944
1710,34.123,30.309,0.181,0.215,1790.123,27.553
1711,21.656,20.653,0.202,0.08,1365.853,23.248
1712,36.136,29.644,0.222,0.164,1506.452,31.761
1713,18.743,24.024,0.221,0.202,1859.922,28.062
1714,14.358,7.454,0.079,0.1,1581.724,29.386
1715,25.569,27.834,0.077,0.094,1776.225,27.486
1716,36.306,43.112,0.118,0.116,1567.929,25.977
1717,7.378,15.001,0.006,0.14,1529.181,22.912
1718,43.823,28.509,0.257,0.165,1874.492,27.546
1719,23.522,29.863,0.248,0.238,1540.525,30.284
1720,25.501,40.05,0.069,0.06,1738.05,28.541
1721,24.189,15.581,0.069,0.157,1790.725,28.696
1722,16.91,26.606,0.046,0.144,1476.675,28.158
1723,5.812,7.59,0.02,0.075,1594.21,27.2
1724,19.76,25.039,0.242,0.146,1993.705,30.712
1725,10.126,17.697,0.078,0.163,1470.845,31.005
1726,10.678,38.825,0.214,0.068,1611.522,23.781
1727,31.804,36.265,0.145,0.098,1917.457,26.112
1728,33.534,40.121,0.282,0.137,1947.35,32.54
1729,13.117,11.724,0.137,0.089,1351.895,26.344
1730,36.679,34.04,0.093,0.143,1752.275,28.221
1731,6.534,17.924,0.063,0.178,1765.876,23.371
1732,5.676,9.976,0.14,0.083,1448.263,29.932
1733,23.905,21.516,0.073,0.044,1349.122,26.946
1734,25.378,34.606,0.244,0.1,1542.802,25.184
1735,39.244,14.035,0.202,0.146,1548.469,31.343
1736,10.167,41.371,0.063,0.138,1638.682,27.268
1737,38.719,30.254,0.19,0.071,1926.719,30.35
1738,30.752,26.371,0.161,0.084,1511.417,32.348
1739,47.204,36.113,0.181,0.15,1860.381,30.802
1740,42.353,35.981,0.27,0.219,1839.274,30.102
1741,34.34,8.156,0.192,0.091,1423.149,26.21
1742,33.354,25.69,0.203,0.226,1950.203,31.434
1743,45.669,30.025,0.152,0.184,1733.553,33.348
1744,36.355,38.89,0.065,0.149,1603.082,29.177
1745,32.328,39.508,0.119,0.121,1838.73,25.705
1746,46.565,21.292,0.168,0.082,1955.562,33.742
1747,36.174,28.512,0.118,0.071,1839.804,29.287
1748,20.604,30.153,0.12,0.118,1824.766,24.497
1749,32.033,16.611,0.128,0.135,1814.359,24.465
1750,38.528,36.557,0.224,0.24,1533.574,25.599
1751,21.53,19.822,0.111,0.155,1921.206,31.595
1752,13.523,9.884,0.124,0.096,1653.041,25.169
1753,42.822,38.56,0.188,0.14,1803.071,25.904
1754,4.088,35.405,0.166,0.141,1778.261,27.224
1755,34.276,3.459,0.154,0.025,1440.577,24.902
1756,11.091,9.678,0.172,0.096,1632.428,28.869
1757,13.973,26.77,0.22,0.119,1886.082,24.628
1758,14.081,10.002,0.197,0.176,1896.66,30.025
1759,17.381,46.237,0.137,0.242,1871.04,26.841
1760,19.326,35.021,0.088,0.037,1426.403,29.461
1761,19.821,34.478,0.118,0.189,1954.405,27.127
1762,46.48,25.479,0.263,0.202,1712.511,27.474
1763,31.202,41.836,0.147,0.192,1486.514,32.132
1764,14.817,32.155,0.118,0.13,1658.052,24.583
1765,46.963,16.312,0.176,0.089,2039.057,28.813
1766,32.937,49.246,0.095,0.191,1846.688,35.058
1767,43.383,30.39,0.107,0.183,1857.024,34.682
1768,15.263,36.511,0.146,0.19,1572.149,24.533
1769,9.595,22.264,0.156,0.07,1366.345,25.657
1770,32.395,10.668,0.124,0.09,1578.139,24.396
1771,7.762,22.813,0.112,0.1,1712.854,31.114
1772,48.085,45.07,0.092,0.154,1713.949,32.991
1773,37.34,49.822,0.219,0.222,1680.816,28.777
1774,16.876,33.518,0.229,0.127,1562.963,35.047
1775,26.311,5.722,0.085,0.128,1442.156,22.366
1776,26.498,37.195,0.221,0.104,1518.888,29.212
1777,28.167,36.664,0.143,0.041,1656.175,31.741
1778,30.982,34.386,0.048,0.168,1926.813,24.312
1779,16.373,35.686,0.194,0.13,1479.888,32.556
1780,26.121,27.111,0.11,0.202,2100.144,33.266
1781,32.116,25.437,0.226,0.129,1819.214,31.999
1782,27.938,19.666,0.06,0.175,1407.975,30.683
1783,28.417,17.919,0.244,0.243,1660.947,34.341
1784,8.147,36.807,0.213,0.043,1679.7,27.559
1785,37.113,34.339,0.129,0.186,1418.419,26.309
1786,9.095,5.968,0.123,0.083,1478.295,27.638
1787,14.845,42.96,0.093,0.205,1483.234,30.153
1788,44.382,27.602,0.184,0.098,1642.096,30.666
1789,16.331,35.491,0.047,0.095,1591.679,24.877
1790,6.172,27.479,0.078,0.127,1508.026,24.385
1791,35.59,25.918,0.222,0.115,1777.869,34.135
1792,35.328,26.552,0.193,0.186,1994.58,25.496
1793,48.601,36.823,0.261,0.133,1885.633,34.794
1794,40.288,17.005,0.105,0.158,1658.532,24.162
1795,22.84,44.58,0.273,0.17,1761.492,32.811
1796,33.219,42.021,0.174,0.146,2014.746,28.593
1797,23.438,11.816,0.214,0.068,1875.16,31.734
1798,39.508,32.042,0.171,0.061,2010.44,31.284
1799,9.223,36.992,0.083,0.166,1313.141,31.68
1800,7.152,21.775,0.078,0.163,1389.668,22.987
